prompt_idx,prompt,position,token_id,token_text,intervention_type,kl_divergence,sample_idx,epsilon_distance
0,I think that,0,1,<s>,SAE_only,4.406339645385742,0,
0,I think that,0,1,<s>,SAE_NFM,4.688936710357666,0,
0,I think that,0,1,<s>,epsilon_random,5.274589538574219,0,319.03277587890625
0,I think that,0,1,<s>,epsilon_random,5.374444961547852,1,319.03277587890625
0,I think that,0,1,<s>,epsilon_random,5.48226261138916,2,319.03277587890625
0,I think that,0,1,<s>,epsilon_random,5.472548484802246,3,319.03277587890625
0,I think that,0,1,<s>,epsilon_random,4.62830924987793,4,319.03277587890625
0,I think that,0,1,<s>,epsilon_random,5.536055564880371,5,319.03277587890625
0,I think that,0,1,<s>,epsilon_random,6.0710859298706055,6,319.03277587890625
0,I think that,0,1,<s>,epsilon_random,4.998142242431641,7,319.03277587890625
0,I think that,0,1,<s>,epsilon_random,5.866613388061523,8,319.03277587890625
0,I think that,0,1,<s>,epsilon_random,5.277767658233643,9,319.03277587890625
0,I think that,1,312,I,SAE_only,1.6779186725616455,0,
0,I think that,1,312,I,SAE_NFM,1.902141809463501,0,
0,I think that,1,312,I,epsilon_random,0.5942281484603882,0,319.03277587890625
0,I think that,1,312,I,epsilon_random,0.4884103536605835,1,319.03277587890625
0,I think that,1,312,I,epsilon_random,0.8585042953491211,2,319.03277587890625
0,I think that,1,312,I,epsilon_random,0.3686620593070984,3,319.03277587890625
0,I think that,1,312,I,epsilon_random,0.5245779156684875,4,319.03277587890625
0,I think that,1,312,I,epsilon_random,0.5376979112625122,5,319.03277587890625
0,I think that,1,312,I,epsilon_random,0.6086668968200684,6,319.03277587890625
0,I think that,1,312,I,epsilon_random,0.35890164971351624,7,319.03277587890625
0,I think that,1,312,I,epsilon_random,0.547639012336731,8,319.03277587890625
0,I think that,1,312,I,epsilon_random,0.37492287158966064,9,319.03277587890625
0,I think that,2,968,think,SAE_only,1.215238332748413,0,
0,I think that,2,968,think,SAE_NFM,0.9940256476402283,0,
0,I think that,2,968,think,epsilon_random,0.2091132402420044,0,319.03277587890625
0,I think that,2,968,think,epsilon_random,0.2005634605884552,1,319.03277587890625
0,I think that,2,968,think,epsilon_random,0.1702757328748703,2,319.03277587890625
0,I think that,2,968,think,epsilon_random,0.18641754984855652,3,319.03277587890625
0,I think that,2,968,think,epsilon_random,0.17645829916000366,4,319.03277587890625
0,I think that,2,968,think,epsilon_random,0.20381200313568115,5,319.03277587890625
0,I think that,2,968,think,epsilon_random,0.18782305717468262,6,319.03277587890625
0,I think that,2,968,think,epsilon_random,0.15740878880023956,7,319.03277587890625
0,I think that,2,968,think,epsilon_random,0.2216450572013855,8,319.03277587890625
0,I think that,2,968,think,epsilon_random,0.1553519368171692,9,319.03277587890625
0,I think that,3,342,that,SAE_only,1.812267780303955,0,
0,I think that,3,342,that,SAE_NFM,1.5516016483306885,0,
0,I think that,3,342,that,epsilon_random,0.45960870385169983,0,319.03277587890625
0,I think that,3,342,that,epsilon_random,0.37506741285324097,1,319.03277587890625
0,I think that,3,342,that,epsilon_random,0.2925374507904053,2,319.03277587890625
0,I think that,3,342,that,epsilon_random,0.429004043340683,3,319.03277587890625
0,I think that,3,342,that,epsilon_random,0.318764865398407,4,319.03277587890625
0,I think that,3,342,that,epsilon_random,0.4228014051914215,5,319.03277587890625
0,I think that,3,342,that,epsilon_random,0.44933634996414185,6,319.03277587890625
0,I think that,3,342,that,epsilon_random,0.32469093799591064,7,319.03277587890625
0,I think that,3,342,that,epsilon_random,0.5065076351165771,8,319.03277587890625
0,I think that,3,342,that,epsilon_random,0.3809148669242859,9,319.03277587890625
1,The situation is,0,1,<s>,SAE_only,4.406339645385742,0,
1,The situation is,0,1,<s>,SAE_NFM,4.688936710357666,0,
1,The situation is,0,1,<s>,epsilon_random,5.50735330581665,0,322.3651428222656
1,The situation is,0,1,<s>,epsilon_random,5.351792335510254,1,322.3651428222656
1,The situation is,0,1,<s>,epsilon_random,5.831151008605957,2,322.3651428222656
1,The situation is,0,1,<s>,epsilon_random,6.185558319091797,3,322.3651428222656
1,The situation is,0,1,<s>,epsilon_random,6.03613805770874,4,322.3651428222656
1,The situation is,0,1,<s>,epsilon_random,5.975368976593018,5,322.3651428222656
1,The situation is,0,1,<s>,epsilon_random,5.589529514312744,6,322.3651428222656
1,The situation is,0,1,<s>,epsilon_random,5.755044937133789,7,322.3651428222656
1,The situation is,0,1,<s>,epsilon_random,5.034737586975098,8,322.3651428222656
1,The situation is,0,1,<s>,epsilon_random,5.662840843200684,9,322.3651428222656
1,The situation is,1,347,The,SAE_only,2.1192708015441895,0,
1,The situation is,1,347,The,SAE_NFM,1.4664361476898193,0,
1,The situation is,1,347,The,epsilon_random,0.47899138927459717,0,322.3651428222656
1,The situation is,1,347,The,epsilon_random,0.7600690126419067,1,322.3651428222656
1,The situation is,1,347,The,epsilon_random,0.6775723099708557,2,322.3651428222656
1,The situation is,1,347,The,epsilon_random,0.6759878396987915,3,322.3651428222656
1,The situation is,1,347,The,epsilon_random,0.6243592500686646,4,322.3651428222656
1,The situation is,1,347,The,epsilon_random,0.7330052852630615,5,322.3651428222656
1,The situation is,1,347,The,epsilon_random,0.8038259744644165,6,322.3651428222656
1,The situation is,1,347,The,epsilon_random,0.5555722713470459,7,322.3651428222656
1,The situation is,1,347,The,epsilon_random,0.7541491985321045,8,322.3651428222656
1,The situation is,1,347,The,epsilon_random,0.6727607250213623,9,322.3651428222656
1,The situation is,2,3415,situation,SAE_only,2.986067295074463,0,
1,The situation is,2,3415,situation,SAE_NFM,2.441861867904663,0,
1,The situation is,2,3415,situation,epsilon_random,0.3148933947086334,0,322.3651428222656
1,The situation is,2,3415,situation,epsilon_random,0.21773488819599152,1,322.3651428222656
1,The situation is,2,3415,situation,epsilon_random,0.257961630821228,2,322.3651428222656
1,The situation is,2,3415,situation,epsilon_random,0.25776344537734985,3,322.3651428222656
1,The situation is,2,3415,situation,epsilon_random,0.35739126801490784,4,322.3651428222656
1,The situation is,2,3415,situation,epsilon_random,0.21316088736057281,5,322.3651428222656
1,The situation is,2,3415,situation,epsilon_random,0.27779316902160645,6,322.3651428222656
1,The situation is,2,3415,situation,epsilon_random,0.21861113607883453,7,322.3651428222656
1,The situation is,2,3415,situation,epsilon_random,0.3089182376861572,8,322.3651428222656
1,The situation is,2,3415,situation,epsilon_random,0.23006287217140198,9,322.3651428222656
1,The situation is,3,322,is,SAE_only,1.4099304676055908,0,
1,The situation is,3,322,is,SAE_NFM,0.8757172226905823,0,
1,The situation is,3,322,is,epsilon_random,0.40294313430786133,0,322.3651428222656
1,The situation is,3,322,is,epsilon_random,0.41716039180755615,1,322.3651428222656
1,The situation is,3,322,is,epsilon_random,0.21697041392326355,2,322.3651428222656
1,The situation is,3,322,is,epsilon_random,0.4653848111629486,3,322.3651428222656
1,The situation is,3,322,is,epsilon_random,0.4856492280960083,4,322.3651428222656
1,The situation is,3,322,is,epsilon_random,0.2619147300720215,5,322.3651428222656
1,The situation is,3,322,is,epsilon_random,0.3832019865512848,6,322.3651428222656
1,The situation is,3,322,is,epsilon_random,0.3221015930175781,7,322.3651428222656
1,The situation is,3,322,is,epsilon_random,0.5863508582115173,8,322.3651428222656
1,The situation is,3,322,is,epsilon_random,0.20286303758621216,9,322.3651428222656
2,My opinion on this is,0,1,<s>,SAE_only,4.406339645385742,0,
2,My opinion on this is,0,1,<s>,SAE_NFM,4.688936710357666,0,
2,My opinion on this is,0,1,<s>,epsilon_random,5.691224098205566,0,224.66519165039062
2,My opinion on this is,0,1,<s>,epsilon_random,5.716813564300537,1,224.66519165039062
2,My opinion on this is,0,1,<s>,epsilon_random,5.181922912597656,2,224.66519165039062
2,My opinion on this is,0,1,<s>,epsilon_random,5.340797424316406,3,224.66519165039062
2,My opinion on this is,0,1,<s>,epsilon_random,5.228482246398926,4,224.66519165039062
2,My opinion on this is,0,1,<s>,epsilon_random,5.965831279754639,5,224.66519165039062
2,My opinion on this is,0,1,<s>,epsilon_random,5.538529872894287,6,224.66519165039062
2,My opinion on this is,0,1,<s>,epsilon_random,5.948098659515381,7,224.66519165039062
2,My opinion on this is,0,1,<s>,epsilon_random,5.800058364868164,8,224.66519165039062
2,My opinion on this is,0,1,<s>,epsilon_random,5.900315284729004,9,224.66519165039062
2,My opinion on this is,1,1725,My,SAE_only,2.308082342147827,0,
2,My opinion on this is,1,1725,My,SAE_NFM,2.296563148498535,0,
2,My opinion on this is,1,1725,My,epsilon_random,1.277864694595337,0,224.66519165039062
2,My opinion on this is,1,1725,My,epsilon_random,1.0306041240692139,1,224.66519165039062
2,My opinion on this is,1,1725,My,epsilon_random,1.2449188232421875,2,224.66519165039062
2,My opinion on this is,1,1725,My,epsilon_random,0.9721782207489014,3,224.66519165039062
2,My opinion on this is,1,1725,My,epsilon_random,1.3791687488555908,4,224.66519165039062
2,My opinion on this is,1,1725,My,epsilon_random,0.9710748791694641,5,224.66519165039062
2,My opinion on this is,1,1725,My,epsilon_random,1.2769834995269775,6,224.66519165039062
2,My opinion on this is,1,1725,My,epsilon_random,1.137296438217163,7,224.66519165039062
2,My opinion on this is,1,1725,My,epsilon_random,1.1938042640686035,8,224.66519165039062
2,My opinion on this is,1,1725,My,epsilon_random,0.9989478588104248,9,224.66519165039062
2,My opinion on this is,2,4972,opinion,SAE_only,2.8176186084747314,0,
2,My opinion on this is,2,4972,opinion,SAE_NFM,3.111518144607544,0,
2,My opinion on this is,2,4972,opinion,epsilon_random,0.3936179280281067,0,224.66519165039062
2,My opinion on this is,2,4972,opinion,epsilon_random,0.6593655943870544,1,224.66519165039062
2,My opinion on this is,2,4972,opinion,epsilon_random,0.37767964601516724,2,224.66519165039062
2,My opinion on this is,2,4972,opinion,epsilon_random,0.416119784116745,3,224.66519165039062
2,My opinion on this is,2,4972,opinion,epsilon_random,0.33410224318504333,4,224.66519165039062
2,My opinion on this is,2,4972,opinion,epsilon_random,0.5816893577575684,5,224.66519165039062
2,My opinion on this is,2,4972,opinion,epsilon_random,0.473799467086792,6,224.66519165039062
2,My opinion on this is,2,4972,opinion,epsilon_random,0.504559338092804,7,224.66519165039062
2,My opinion on this is,2,4972,opinion,epsilon_random,0.4084470868110657,8,224.66519165039062
2,My opinion on this is,2,4972,opinion,epsilon_random,0.4863179326057434,9,224.66519165039062
2,My opinion on this is,3,328,on,SAE_only,1.4739747047424316,0,
2,My opinion on this is,3,328,on,SAE_NFM,1.351548671722412,0,
2,My opinion on this is,3,328,on,epsilon_random,0.41187065839767456,0,224.66519165039062
2,My opinion on this is,3,328,on,epsilon_random,0.3767879903316498,1,224.66519165039062
2,My opinion on this is,3,328,on,epsilon_random,0.3564673960208893,2,224.66519165039062
2,My opinion on this is,3,328,on,epsilon_random,0.3014208972454071,3,224.66519165039062
2,My opinion on this is,3,328,on,epsilon_random,0.4080526828765869,4,224.66519165039062
2,My opinion on this is,3,328,on,epsilon_random,0.3126552700996399,5,224.66519165039062
2,My opinion on this is,3,328,on,epsilon_random,0.6156442761421204,6,224.66519165039062
2,My opinion on this is,3,328,on,epsilon_random,0.4446339011192322,7,224.66519165039062
2,My opinion on this is,3,328,on,epsilon_random,0.43920499086380005,8,224.66519165039062
2,My opinion on this is,3,328,on,epsilon_random,0.3674694001674652,9,224.66519165039062
2,My opinion on this is,4,433,this,SAE_only,1.2721455097198486,0,
2,My opinion on this is,4,433,this,SAE_NFM,1.1680669784545898,0,
2,My opinion on this is,4,433,this,epsilon_random,0.480945885181427,0,224.66519165039062
2,My opinion on this is,4,433,this,epsilon_random,0.41259491443634033,1,224.66519165039062
2,My opinion on this is,4,433,this,epsilon_random,0.6357031464576721,2,224.66519165039062
2,My opinion on this is,4,433,this,epsilon_random,0.35902103781700134,3,224.66519165039062
2,My opinion on this is,4,433,this,epsilon_random,0.5301644802093506,4,224.66519165039062
2,My opinion on this is,4,433,this,epsilon_random,0.4176572561264038,5,224.66519165039062
2,My opinion on this is,4,433,this,epsilon_random,0.92274409532547,6,224.66519165039062
2,My opinion on this is,4,433,this,epsilon_random,0.4063980281352997,7,224.66519165039062
2,My opinion on this is,4,433,this,epsilon_random,0.36726856231689453,8,224.66519165039062
2,My opinion on this is,4,433,this,epsilon_random,0.46950000524520874,9,224.66519165039062
2,My opinion on this is,5,322,is,SAE_only,1.326196312904358,0,
2,My opinion on this is,5,322,is,SAE_NFM,1.2087432146072388,0,
2,My opinion on this is,5,322,is,epsilon_random,0.24247869849205017,0,224.66519165039062
2,My opinion on this is,5,322,is,epsilon_random,0.28407540917396545,1,224.66519165039062
2,My opinion on this is,5,322,is,epsilon_random,0.2641429007053375,2,224.66519165039062
2,My opinion on this is,5,322,is,epsilon_random,0.2569117844104767,3,224.66519165039062
2,My opinion on this is,5,322,is,epsilon_random,0.4256136417388916,4,224.66519165039062
2,My opinion on this is,5,322,is,epsilon_random,0.2505866289138794,5,224.66519165039062
2,My opinion on this is,5,322,is,epsilon_random,0.3466033935546875,6,224.66519165039062
2,My opinion on this is,5,322,is,epsilon_random,0.21391725540161133,7,224.66519165039062
2,My opinion on this is,5,322,is,epsilon_random,0.3398170471191406,8,224.66519165039062
2,My opinion on this is,5,322,is,epsilon_random,0.25982221961021423,9,224.66519165039062
3,It seems to me that,0,1,<s>,SAE_only,4.406339645385742,0,
3,It seems to me that,0,1,<s>,SAE_NFM,4.688936710357666,0,
3,It seems to me that,0,1,<s>,epsilon_random,5.839145660400391,0,223.86624145507812
3,It seems to me that,0,1,<s>,epsilon_random,5.030587196350098,1,223.86624145507812
3,It seems to me that,0,1,<s>,epsilon_random,5.695056915283203,2,223.86624145507812
3,It seems to me that,0,1,<s>,epsilon_random,5.702277183532715,3,223.86624145507812
3,It seems to me that,0,1,<s>,epsilon_random,5.313502311706543,4,223.86624145507812
3,It seems to me that,0,1,<s>,epsilon_random,5.269127368927002,5,223.86624145507812
3,It seems to me that,0,1,<s>,epsilon_random,5.900681495666504,6,223.86624145507812
3,It seems to me that,0,1,<s>,epsilon_random,5.496392726898193,7,223.86624145507812
3,It seems to me that,0,1,<s>,epsilon_random,4.467911720275879,8,223.86624145507812
3,It seems to me that,0,1,<s>,epsilon_random,5.5535688400268555,9,223.86624145507812
3,It seems to me that,1,571,It,SAE_only,1.8736727237701416,0,
3,It seems to me that,1,571,It,SAE_NFM,2.7773709297180176,0,
3,It seems to me that,1,571,It,epsilon_random,0.2411712408065796,0,223.86624145507812
3,It seems to me that,1,571,It,epsilon_random,0.435297429561615,1,223.86624145507812
3,It seems to me that,1,571,It,epsilon_random,0.3841629922389984,2,223.86624145507812
3,It seems to me that,1,571,It,epsilon_random,0.41656437516212463,3,223.86624145507812
3,It seems to me that,1,571,It,epsilon_random,0.252540647983551,4,223.86624145507812
3,It seems to me that,1,571,It,epsilon_random,0.34575656056404114,5,223.86624145507812
3,It seems to me that,1,571,It,epsilon_random,0.18245536088943481,6,223.86624145507812
3,It seems to me that,1,571,It,epsilon_random,0.832188606262207,7,223.86624145507812
3,It seems to me that,1,571,It,epsilon_random,0.3522051274776459,8,223.86624145507812
3,It seems to me that,1,571,It,epsilon_random,0.2777373790740967,9,223.86624145507812
3,It seems to me that,2,2666,seems,SAE_only,1.1470601558685303,0,
3,It seems to me that,2,2666,seems,SAE_NFM,1.0979955196380615,0,
3,It seems to me that,2,2666,seems,epsilon_random,0.21114641427993774,0,223.86624145507812
3,It seems to me that,2,2666,seems,epsilon_random,0.26984989643096924,1,223.86624145507812
3,It seems to me that,2,2666,seems,epsilon_random,0.2272275984287262,2,223.86624145507812
3,It seems to me that,2,2666,seems,epsilon_random,0.3787153363227844,3,223.86624145507812
3,It seems to me that,2,2666,seems,epsilon_random,0.18558165431022644,4,223.86624145507812
3,It seems to me that,2,2666,seems,epsilon_random,0.15035030245780945,5,223.86624145507812
3,It seems to me that,2,2666,seems,epsilon_random,0.213885098695755,6,223.86624145507812
3,It seems to me that,2,2666,seems,epsilon_random,0.223223015666008,7,223.86624145507812
3,It seems to me that,2,2666,seems,epsilon_random,0.27288731932640076,8,223.86624145507812
3,It seems to me that,2,2666,seems,epsilon_random,0.19270917773246765,9,223.86624145507812
3,It seems to me that,3,289,to,SAE_only,1.570542335510254,0,
3,It seems to me that,3,289,to,SAE_NFM,1.8723597526550293,0,
3,It seems to me that,3,289,to,epsilon_random,0.5831902027130127,0,223.86624145507812
3,It seems to me that,3,289,to,epsilon_random,0.17042426764965057,1,223.86624145507812
3,It seems to me that,3,289,to,epsilon_random,0.16183871030807495,2,223.86624145507812
3,It seems to me that,3,289,to,epsilon_random,0.09187639504671097,3,223.86624145507812
3,It seems to me that,3,289,to,epsilon_random,0.1774861216545105,4,223.86624145507812
3,It seems to me that,3,289,to,epsilon_random,0.22925779223442078,5,223.86624145507812
3,It seems to me that,3,289,to,epsilon_random,0.18678539991378784,6,223.86624145507812
3,It seems to me that,3,289,to,epsilon_random,0.18909019231796265,7,223.86624145507812
3,It seems to me that,3,289,to,epsilon_random,0.32993099093437195,8,223.86624145507812
3,It seems to me that,3,289,to,epsilon_random,0.26420462131500244,9,223.86624145507812
3,It seems to me that,4,515,me,SAE_only,0.8734251260757446,0,
3,It seems to me that,4,515,me,SAE_NFM,0.6322987675666809,0,
3,It seems to me that,4,515,me,epsilon_random,0.06443743407726288,0,223.86624145507812
3,It seems to me that,4,515,me,epsilon_random,0.12139616161584854,1,223.86624145507812
3,It seems to me that,4,515,me,epsilon_random,0.21383939683437347,2,223.86624145507812
3,It seems to me that,4,515,me,epsilon_random,0.12716123461723328,3,223.86624145507812
3,It seems to me that,4,515,me,epsilon_random,0.09259547293186188,4,223.86624145507812
3,It seems to me that,4,515,me,epsilon_random,0.06816428899765015,5,223.86624145507812
3,It seems to me that,4,515,me,epsilon_random,0.12771466374397278,6,223.86624145507812
3,It seems to me that,4,515,me,epsilon_random,0.09475727379322052,7,223.86624145507812
3,It seems to me that,4,515,me,epsilon_random,0.11523395031690598,8,223.86624145507812
3,It seems to me that,4,515,me,epsilon_random,0.06319364905357361,9,223.86624145507812
3,It seems to me that,5,342,that,SAE_only,0.8745681047439575,0,
3,It seems to me that,5,342,that,SAE_NFM,0.5735071897506714,0,
3,It seems to me that,5,342,that,epsilon_random,0.21666283905506134,0,223.86624145507812
3,It seems to me that,5,342,that,epsilon_random,0.21142689883708954,1,223.86624145507812
3,It seems to me that,5,342,that,epsilon_random,0.22429868578910828,2,223.86624145507812
3,It seems to me that,5,342,that,epsilon_random,0.23627841472625732,3,223.86624145507812
3,It seems to me that,5,342,that,epsilon_random,0.2024688869714737,4,223.86624145507812
3,It seems to me that,5,342,that,epsilon_random,0.20166489481925964,5,223.86624145507812
3,It seems to me that,5,342,that,epsilon_random,0.24080777168273926,6,223.86624145507812
3,It seems to me that,5,342,that,epsilon_random,0.18109366297721863,7,223.86624145507812
3,It seems to me that,5,342,that,epsilon_random,0.20595768094062805,8,223.86624145507812
3,It seems to me that,5,342,that,epsilon_random,0.1620047688484192,9,223.86624145507812
4,The best approach would be,0,1,<s>,SAE_only,4.406339645385742,0,
4,The best approach would be,0,1,<s>,SAE_NFM,4.688936710357666,0,
4,The best approach would be,0,1,<s>,epsilon_random,5.580163955688477,0,225.83071899414062
4,The best approach would be,0,1,<s>,epsilon_random,5.441135406494141,1,225.83071899414062
4,The best approach would be,0,1,<s>,epsilon_random,5.352853775024414,2,225.83071899414062
4,The best approach would be,0,1,<s>,epsilon_random,5.957088470458984,3,225.83071899414062
4,The best approach would be,0,1,<s>,epsilon_random,6.01284646987915,4,225.83071899414062
4,The best approach would be,0,1,<s>,epsilon_random,5.879403114318848,5,225.83071899414062
4,The best approach would be,0,1,<s>,epsilon_random,5.1929473876953125,6,225.83071899414062
4,The best approach would be,0,1,<s>,epsilon_random,6.184632778167725,7,225.83071899414062
4,The best approach would be,0,1,<s>,epsilon_random,5.798635005950928,8,225.83071899414062
4,The best approach would be,0,1,<s>,epsilon_random,5.962845802307129,9,225.83071899414062
4,The best approach would be,1,347,The,SAE_only,2.1192708015441895,0,
4,The best approach would be,1,347,The,SAE_NFM,1.4664361476898193,0,
4,The best approach would be,1,347,The,epsilon_random,0.6364776492118835,0,225.83071899414062
4,The best approach would be,1,347,The,epsilon_random,0.8008394241333008,1,225.83071899414062
4,The best approach would be,1,347,The,epsilon_random,0.4741066098213196,2,225.83071899414062
4,The best approach would be,1,347,The,epsilon_random,0.5334547758102417,3,225.83071899414062
4,The best approach would be,1,347,The,epsilon_random,0.5518535375595093,4,225.83071899414062
4,The best approach would be,1,347,The,epsilon_random,0.5921884775161743,5,225.83071899414062
4,The best approach would be,1,347,The,epsilon_random,0.6584590673446655,6,225.83071899414062
4,The best approach would be,1,347,The,epsilon_random,0.4271153211593628,7,225.83071899414062
4,The best approach would be,1,347,The,epsilon_random,0.5276716351509094,8,225.83071899414062
4,The best approach would be,1,347,The,epsilon_random,0.5045390725135803,9,225.83071899414062
4,The best approach would be,2,1153,best,SAE_only,2.0976123809814453,0,
4,The best approach would be,2,1153,best,SAE_NFM,1.7700438499450684,0,
4,The best approach would be,2,1153,best,epsilon_random,0.6269217729568481,0,225.83071899414062
4,The best approach would be,2,1153,best,epsilon_random,0.9338201284408569,1,225.83071899414062
4,The best approach would be,2,1153,best,epsilon_random,0.5415866374969482,2,225.83071899414062
4,The best approach would be,2,1153,best,epsilon_random,0.568804144859314,3,225.83071899414062
4,The best approach would be,2,1153,best,epsilon_random,0.9235837459564209,4,225.83071899414062
4,The best approach would be,2,1153,best,epsilon_random,0.5598907470703125,5,225.83071899414062
4,The best approach would be,2,1153,best,epsilon_random,0.5482585430145264,6,225.83071899414062
4,The best approach would be,2,1153,best,epsilon_random,0.6607635021209717,7,225.83071899414062
4,The best approach would be,2,1153,best,epsilon_random,0.8486636877059937,8,225.83071899414062
4,The best approach would be,2,1153,best,epsilon_random,0.7534264326095581,9,225.83071899414062
4,The best approach would be,3,2885,approach,SAE_only,2.410944938659668,0,
4,The best approach would be,3,2885,approach,SAE_NFM,1.5448191165924072,0,
4,The best approach would be,3,2885,approach,epsilon_random,0.05750599503517151,0,225.83071899414062
4,The best approach would be,3,2885,approach,epsilon_random,0.13151398301124573,1,225.83071899414062
4,The best approach would be,3,2885,approach,epsilon_random,0.12632383406162262,2,225.83071899414062
4,The best approach would be,3,2885,approach,epsilon_random,0.116336889564991,3,225.83071899414062
4,The best approach would be,3,2885,approach,epsilon_random,0.11245479434728622,4,225.83071899414062
4,The best approach would be,3,2885,approach,epsilon_random,0.07994534075260162,5,225.83071899414062
4,The best approach would be,3,2885,approach,epsilon_random,0.13304103910923004,6,225.83071899414062
4,The best approach would be,3,2885,approach,epsilon_random,0.15595673024654388,7,225.83071899414062
4,The best approach would be,3,2885,approach,epsilon_random,0.0677931159734726,8,225.83071899414062
4,The best approach would be,3,2885,approach,epsilon_random,0.1393721103668213,9,225.83071899414062
4,The best approach would be,4,637,would,SAE_only,1.4578042030334473,0,
4,The best approach would be,4,637,would,SAE_NFM,2.123462200164795,0,
4,The best approach would be,4,637,would,epsilon_random,0.01665119081735611,0,225.83071899414062
4,The best approach would be,4,637,would,epsilon_random,0.033629149198532104,1,225.83071899414062
4,The best approach would be,4,637,would,epsilon_random,0.032970551401376724,2,225.83071899414062
4,The best approach would be,4,637,would,epsilon_random,0.03721589222550392,3,225.83071899414062
4,The best approach would be,4,637,would,epsilon_random,0.0808790922164917,4,225.83071899414062
4,The best approach would be,4,637,would,epsilon_random,0.03805999830365181,5,225.83071899414062
4,The best approach would be,4,637,would,epsilon_random,0.06036655232310295,6,225.83071899414062
4,The best approach would be,4,637,would,epsilon_random,0.08088427782058716,7,225.83071899414062
4,The best approach would be,4,637,would,epsilon_random,0.04090866446495056,8,225.83071899414062
4,The best approach would be,4,637,would,epsilon_random,0.09216757118701935,9,225.83071899414062
4,The best approach would be,5,333,be,SAE_only,0.9703715443611145,0,
4,The best approach would be,5,333,be,SAE_NFM,0.7210355997085571,0,
4,The best approach would be,5,333,be,epsilon_random,0.06711260974407196,0,225.83071899414062
4,The best approach would be,5,333,be,epsilon_random,0.06264793872833252,1,225.83071899414062
4,The best approach would be,5,333,be,epsilon_random,0.10233800113201141,2,225.83071899414062
4,The best approach would be,5,333,be,epsilon_random,0.10340294986963272,3,225.83071899414062
4,The best approach would be,5,333,be,epsilon_random,0.05852281302213669,4,225.83071899414062
4,The best approach would be,5,333,be,epsilon_random,0.069636769592762,5,225.83071899414062
4,The best approach would be,5,333,be,epsilon_random,0.19597750902175903,6,225.83071899414062
4,The best approach would be,5,333,be,epsilon_random,0.19344662129878998,7,225.83071899414062
4,The best approach would be,5,333,be,epsilon_random,0.09271854907274246,8,225.83071899414062
4,The best approach would be,5,333,be,epsilon_random,0.11401224136352539,9,225.83071899414062
5,When considering the problem,0,1,<s>,SAE_only,4.406339645385742,0,
5,When considering the problem,0,1,<s>,SAE_NFM,4.688936710357666,0,
5,When considering the problem,0,1,<s>,epsilon_random,5.9198832511901855,0,264.3191833496094
5,When considering the problem,0,1,<s>,epsilon_random,5.794879913330078,1,264.3191833496094
5,When considering the problem,0,1,<s>,epsilon_random,5.9737138748168945,2,264.3191833496094
5,When considering the problem,0,1,<s>,epsilon_random,5.6933698654174805,3,264.3191833496094
5,When considering the problem,0,1,<s>,epsilon_random,5.319614410400391,4,264.3191833496094
5,When considering the problem,0,1,<s>,epsilon_random,7.03035831451416,5,264.3191833496094
5,When considering the problem,0,1,<s>,epsilon_random,5.154851913452148,6,264.3191833496094
5,When considering the problem,0,1,<s>,epsilon_random,5.2639875411987305,7,264.3191833496094
5,When considering the problem,0,1,<s>,epsilon_random,5.117619514465332,8,264.3191833496094
5,When considering the problem,0,1,<s>,epsilon_random,6.693161487579346,9,264.3191833496094
5,When considering the problem,1,1408,When,SAE_only,2.0547852516174316,0,
5,When considering the problem,1,1408,When,SAE_NFM,1.8614799976348877,0,
5,When considering the problem,1,1408,When,epsilon_random,0.32363271713256836,0,264.3191833496094
5,When considering the problem,1,1408,When,epsilon_random,0.48654478788375854,1,264.3191833496094
5,When considering the problem,1,1408,When,epsilon_random,0.5991312265396118,2,264.3191833496094
5,When considering the problem,1,1408,When,epsilon_random,0.5935391187667847,3,264.3191833496094
5,When considering the problem,1,1408,When,epsilon_random,0.5411009192466736,4,264.3191833496094
5,When considering the problem,1,1408,When,epsilon_random,0.43590694665908813,5,264.3191833496094
5,When considering the problem,1,1408,When,epsilon_random,0.5051252245903015,6,264.3191833496094
5,When considering the problem,1,1408,When,epsilon_random,0.5286080837249756,7,264.3191833496094
5,When considering the problem,1,1408,When,epsilon_random,0.5207047462463379,8,264.3191833496094
5,When considering the problem,1,1408,When,epsilon_random,0.48708873987197876,9,264.3191833496094
5,When considering the problem,2,6776,considering,SAE_only,2.0555241107940674,0,
5,When considering the problem,2,6776,considering,SAE_NFM,1.1579774618148804,0,
5,When considering the problem,2,6776,considering,epsilon_random,0.45634087920188904,0,264.3191833496094
5,When considering the problem,2,6776,considering,epsilon_random,0.4416626989841461,1,264.3191833496094
5,When considering the problem,2,6776,considering,epsilon_random,0.40716010332107544,2,264.3191833496094
5,When considering the problem,2,6776,considering,epsilon_random,0.3784506022930145,3,264.3191833496094
5,When considering the problem,2,6776,considering,epsilon_random,0.47101637721061707,4,264.3191833496094
5,When considering the problem,2,6776,considering,epsilon_random,0.4350629448890686,5,264.3191833496094
5,When considering the problem,2,6776,considering,epsilon_random,0.35270750522613525,6,264.3191833496094
5,When considering the problem,2,6776,considering,epsilon_random,0.4005371034145355,7,264.3191833496094
5,When considering the problem,2,6776,considering,epsilon_random,0.41507381200790405,8,264.3191833496094
5,When considering the problem,2,6776,considering,epsilon_random,0.3401963710784912,9,264.3191833496094
5,When considering the problem,3,266,the,SAE_only,1.857607364654541,0,
5,When considering the problem,3,266,the,SAE_NFM,1.3170099258422852,0,
5,When considering the problem,3,266,the,epsilon_random,0.5212037563323975,0,264.3191833496094
5,When considering the problem,3,266,the,epsilon_random,0.666358470916748,1,264.3191833496094
5,When considering the problem,3,266,the,epsilon_random,0.5399497747421265,2,264.3191833496094
5,When considering the problem,3,266,the,epsilon_random,0.5414316654205322,3,264.3191833496094
5,When considering the problem,3,266,the,epsilon_random,0.47023528814315796,4,264.3191833496094
5,When considering the problem,3,266,the,epsilon_random,0.5437955260276794,5,264.3191833496094
5,When considering the problem,3,266,the,epsilon_random,0.5603484511375427,6,264.3191833496094
5,When considering the problem,3,266,the,epsilon_random,0.48853516578674316,7,264.3191833496094
5,When considering the problem,3,266,the,epsilon_random,0.5575456619262695,8,264.3191833496094
5,When considering the problem,3,266,the,epsilon_random,0.538905918598175,9,264.3191833496094
5,When considering the problem,4,2165,problem,SAE_only,1.3548775911331177,0,
5,When considering the problem,4,2165,problem,SAE_NFM,1.3765281438827515,0,
5,When considering the problem,4,2165,problem,epsilon_random,0.09958609938621521,0,264.3191833496094
5,When considering the problem,4,2165,problem,epsilon_random,0.06379855424165726,1,264.3191833496094
5,When considering the problem,4,2165,problem,epsilon_random,0.07584165036678314,2,264.3191833496094
5,When considering the problem,4,2165,problem,epsilon_random,0.052535366266965866,3,264.3191833496094
5,When considering the problem,4,2165,problem,epsilon_random,0.08493416756391525,4,264.3191833496094
5,When considering the problem,4,2165,problem,epsilon_random,0.3052045702934265,5,264.3191833496094
5,When considering the problem,4,2165,problem,epsilon_random,0.2654314339160919,6,264.3191833496094
5,When considering the problem,4,2165,problem,epsilon_random,0.06621895730495453,7,264.3191833496094
5,When considering the problem,4,2165,problem,epsilon_random,0.0624333992600441,8,264.3191833496094
5,When considering the problem,4,2165,problem,epsilon_random,0.24514693021774292,9,264.3191833496094
6,The analysis shows that,0,1,<s>,SAE_only,4.406339645385742,0,
6,The analysis shows that,0,1,<s>,SAE_NFM,4.688936710357666,0,
6,The analysis shows that,0,1,<s>,epsilon_random,5.117876052856445,0,265.5140075683594
6,The analysis shows that,0,1,<s>,epsilon_random,5.6503825187683105,1,265.5140075683594
6,The analysis shows that,0,1,<s>,epsilon_random,5.673317909240723,2,265.5140075683594
6,The analysis shows that,0,1,<s>,epsilon_random,5.483996391296387,3,265.5140075683594
6,The analysis shows that,0,1,<s>,epsilon_random,6.294548511505127,4,265.5140075683594
6,The analysis shows that,0,1,<s>,epsilon_random,5.064598083496094,5,265.5140075683594
6,The analysis shows that,0,1,<s>,epsilon_random,6.452663421630859,6,265.5140075683594
6,The analysis shows that,0,1,<s>,epsilon_random,5.505504608154297,7,265.5140075683594
6,The analysis shows that,0,1,<s>,epsilon_random,5.73500394821167,8,265.5140075683594
6,The analysis shows that,0,1,<s>,epsilon_random,5.479409217834473,9,265.5140075683594
6,The analysis shows that,1,347,The,SAE_only,2.1192708015441895,0,
6,The analysis shows that,1,347,The,SAE_NFM,1.4664361476898193,0,
6,The analysis shows that,1,347,The,epsilon_random,0.5516144037246704,0,265.5140075683594
6,The analysis shows that,1,347,The,epsilon_random,0.6175053119659424,1,265.5140075683594
6,The analysis shows that,1,347,The,epsilon_random,0.5520222783088684,2,265.5140075683594
6,The analysis shows that,1,347,The,epsilon_random,0.8710262179374695,3,265.5140075683594
6,The analysis shows that,1,347,The,epsilon_random,0.5698109865188599,4,265.5140075683594
6,The analysis shows that,1,347,The,epsilon_random,0.639475405216217,5,265.5140075683594
6,The analysis shows that,1,347,The,epsilon_random,0.5493855476379395,6,265.5140075683594
6,The analysis shows that,1,347,The,epsilon_random,0.8374600410461426,7,265.5140075683594
6,The analysis shows that,1,347,The,epsilon_random,0.6523476243019104,8,265.5140075683594
6,The analysis shows that,1,347,The,epsilon_random,0.4785027503967285,9,265.5140075683594
6,The analysis shows that,2,3069,analysis,SAE_only,2.6413087844848633,0,
6,The analysis shows that,2,3069,analysis,SAE_NFM,2.394200325012207,0,
6,The analysis shows that,2,3069,analysis,epsilon_random,0.19548670947551727,0,265.5140075683594
6,The analysis shows that,2,3069,analysis,epsilon_random,0.5635177493095398,1,265.5140075683594
6,The analysis shows that,2,3069,analysis,epsilon_random,0.22747790813446045,2,265.5140075683594
6,The analysis shows that,2,3069,analysis,epsilon_random,0.21783456206321716,3,265.5140075683594
6,The analysis shows that,2,3069,analysis,epsilon_random,0.24650250375270844,4,265.5140075683594
6,The analysis shows that,2,3069,analysis,epsilon_random,0.23247313499450684,5,265.5140075683594
6,The analysis shows that,2,3069,analysis,epsilon_random,0.30992257595062256,6,265.5140075683594
6,The analysis shows that,2,3069,analysis,epsilon_random,0.2736474871635437,7,265.5140075683594
6,The analysis shows that,2,3069,analysis,epsilon_random,0.22694715857505798,8,265.5140075683594
6,The analysis shows that,2,3069,analysis,epsilon_random,0.22824405133724213,9,265.5140075683594
6,The analysis shows that,3,2455,shows,SAE_only,0.9439746141433716,0,
6,The analysis shows that,3,2455,shows,SAE_NFM,0.7874215841293335,0,
6,The analysis shows that,3,2455,shows,epsilon_random,0.10909169167280197,0,265.5140075683594
6,The analysis shows that,3,2455,shows,epsilon_random,0.1481807827949524,1,265.5140075683594
6,The analysis shows that,3,2455,shows,epsilon_random,0.11679333448410034,2,265.5140075683594
6,The analysis shows that,3,2455,shows,epsilon_random,0.10785315930843353,3,265.5140075683594
6,The analysis shows that,3,2455,shows,epsilon_random,0.10551198571920395,4,265.5140075683594
6,The analysis shows that,3,2455,shows,epsilon_random,0.0950971320271492,5,265.5140075683594
6,The analysis shows that,3,2455,shows,epsilon_random,0.11326820403337479,6,265.5140075683594
6,The analysis shows that,3,2455,shows,epsilon_random,0.07318516075611115,7,265.5140075683594
6,The analysis shows that,3,2455,shows,epsilon_random,0.09221155941486359,8,265.5140075683594
6,The analysis shows that,3,2455,shows,epsilon_random,0.09234310686588287,9,265.5140075683594
6,The analysis shows that,4,342,that,SAE_only,1.005305290222168,0,
6,The analysis shows that,4,342,that,SAE_NFM,0.6671474575996399,0,
6,The analysis shows that,4,342,that,epsilon_random,0.24645566940307617,0,265.5140075683594
6,The analysis shows that,4,342,that,epsilon_random,0.27785152196884155,1,265.5140075683594
6,The analysis shows that,4,342,that,epsilon_random,0.2091241329908371,2,265.5140075683594
6,The analysis shows that,4,342,that,epsilon_random,0.22196565568447113,3,265.5140075683594
6,The analysis shows that,4,342,that,epsilon_random,0.22857880592346191,4,265.5140075683594
6,The analysis shows that,4,342,that,epsilon_random,0.23766151070594788,5,265.5140075683594
6,The analysis shows that,4,342,that,epsilon_random,0.30493491888046265,6,265.5140075683594
6,The analysis shows that,4,342,that,epsilon_random,0.1767037808895111,7,265.5140075683594
6,The analysis shows that,4,342,that,epsilon_random,0.23221224546432495,8,265.5140075683594
6,The analysis shows that,4,342,that,epsilon_random,0.2889579236507416,9,265.5140075683594
7,Based on the evidence,0,1,<s>,SAE_only,4.406339645385742,0,
7,Based on the evidence,0,1,<s>,SAE_NFM,4.688936710357666,0,
7,Based on the evidence,0,1,<s>,epsilon_random,5.310349464416504,0,259.1288757324219
7,Based on the evidence,0,1,<s>,epsilon_random,5.159295558929443,1,259.1288757324219
7,Based on the evidence,0,1,<s>,epsilon_random,4.876310348510742,2,259.1288757324219
7,Based on the evidence,0,1,<s>,epsilon_random,5.19556188583374,3,259.1288757324219
7,Based on the evidence,0,1,<s>,epsilon_random,5.440289497375488,4,259.1288757324219
7,Based on the evidence,0,1,<s>,epsilon_random,5.210520267486572,5,259.1288757324219
7,Based on the evidence,0,1,<s>,epsilon_random,4.962820053100586,6,259.1288757324219
7,Based on the evidence,0,1,<s>,epsilon_random,6.496959686279297,7,259.1288757324219
7,Based on the evidence,0,1,<s>,epsilon_random,5.576384544372559,8,259.1288757324219
7,Based on the evidence,0,1,<s>,epsilon_random,5.0140228271484375,9,259.1288757324219
7,Based on the evidence,1,8654,Based,SAE_only,8.15044116973877,0,
7,Based on the evidence,1,8654,Based,SAE_NFM,7.241483688354492,0,
7,Based on the evidence,1,8654,Based,epsilon_random,0.3141845464706421,0,259.1288757324219
7,Based on the evidence,1,8654,Based,epsilon_random,0.4570637345314026,1,259.1288757324219
7,Based on the evidence,1,8654,Based,epsilon_random,0.2026701122522354,2,259.1288757324219
7,Based on the evidence,1,8654,Based,epsilon_random,0.4263507127761841,3,259.1288757324219
7,Based on the evidence,1,8654,Based,epsilon_random,0.5371646285057068,4,259.1288757324219
7,Based on the evidence,1,8654,Based,epsilon_random,0.41247108578681946,5,259.1288757324219
7,Based on the evidence,1,8654,Based,epsilon_random,0.2984774112701416,6,259.1288757324219
7,Based on the evidence,1,8654,Based,epsilon_random,0.25980544090270996,7,259.1288757324219
7,Based on the evidence,1,8654,Based,epsilon_random,0.17541591823101044,8,259.1288757324219
7,Based on the evidence,1,8654,Based,epsilon_random,0.28200313448905945,9,259.1288757324219
7,Based on the evidence,2,328,on,SAE_only,4.600661277770996,0,
7,Based on the evidence,2,328,on,SAE_NFM,2.851400852203369,0,
7,Based on the evidence,2,328,on,epsilon_random,0.8620085716247559,0,259.1288757324219
7,Based on the evidence,2,328,on,epsilon_random,0.6772893667221069,1,259.1288757324219
7,Based on the evidence,2,328,on,epsilon_random,0.6488749384880066,2,259.1288757324219
7,Based on the evidence,2,328,on,epsilon_random,0.787426233291626,3,259.1288757324219
7,Based on the evidence,2,328,on,epsilon_random,0.844272255897522,4,259.1288757324219
7,Based on the evidence,2,328,on,epsilon_random,0.7113981246948242,5,259.1288757324219
7,Based on the evidence,2,328,on,epsilon_random,0.5046562552452087,6,259.1288757324219
7,Based on the evidence,2,328,on,epsilon_random,0.8303235769271851,7,259.1288757324219
7,Based on the evidence,2,328,on,epsilon_random,0.6961525082588196,8,259.1288757324219
7,Based on the evidence,2,328,on,epsilon_random,0.7814978957176208,9,259.1288757324219
7,Based on the evidence,3,266,the,SAE_only,2.9476473331451416,0,
7,Based on the evidence,3,266,the,SAE_NFM,1.5220338106155396,0,
7,Based on the evidence,3,266,the,epsilon_random,0.6782747507095337,0,259.1288757324219
7,Based on the evidence,3,266,the,epsilon_random,0.6767197847366333,1,259.1288757324219
7,Based on the evidence,3,266,the,epsilon_random,0.7253658175468445,2,259.1288757324219
7,Based on the evidence,3,266,the,epsilon_random,0.8980124592781067,3,259.1288757324219
7,Based on the evidence,3,266,the,epsilon_random,0.9482362270355225,4,259.1288757324219
7,Based on the evidence,3,266,the,epsilon_random,0.779829740524292,5,259.1288757324219
7,Based on the evidence,3,266,the,epsilon_random,0.7016183137893677,6,259.1288757324219
7,Based on the evidence,3,266,the,epsilon_random,1.0104255676269531,7,259.1288757324219
7,Based on the evidence,3,266,the,epsilon_random,0.7324047088623047,8,259.1288757324219
7,Based on the evidence,3,266,the,epsilon_random,0.8022645711898804,9,259.1288757324219
7,Based on the evidence,4,2838,evidence,SAE_only,4.278697967529297,0,
7,Based on the evidence,4,2838,evidence,SAE_NFM,3.056659460067749,0,
7,Based on the evidence,4,2838,evidence,epsilon_random,1.674066185951233,0,259.1288757324219
7,Based on the evidence,4,2838,evidence,epsilon_random,1.7685959339141846,1,259.1288757324219
7,Based on the evidence,4,2838,evidence,epsilon_random,2.0363364219665527,2,259.1288757324219
7,Based on the evidence,4,2838,evidence,epsilon_random,1.4823698997497559,3,259.1288757324219
7,Based on the evidence,4,2838,evidence,epsilon_random,3.1471304893493652,4,259.1288757324219
7,Based on the evidence,4,2838,evidence,epsilon_random,0.9445970058441162,5,259.1288757324219
7,Based on the evidence,4,2838,evidence,epsilon_random,1.796940803527832,6,259.1288757324219
7,Based on the evidence,4,2838,evidence,epsilon_random,2.357874631881714,7,259.1288757324219
7,Based on the evidence,4,2838,evidence,epsilon_random,1.5654668807983398,8,259.1288757324219
7,Based on the evidence,4,2838,evidence,epsilon_random,1.5313414335250854,9,259.1288757324219
