prompt,clamp_value,word_category,word,token_id,logit_value,target_features
I think that,-4.0,formal_low_emotion,perhaps,4153,0.20835664868354797,[31]
I think that,-4.0,formal_low_emotion,may,754,-2.8005049228668213,[31]
I think that,-4.0,formal_low_emotion,however,2480,-3.912907123565674,[31]
I think that,-4.0,formal_low_emotion,therefore,4320,-4.262943744659424,[31]
I think that,-4.0,formal_low_emotion,consequently,23995,-5.013620376586914,[31]
I think that,-4.0,formal_low_emotion,moreover,541,-2.8395907878875732,[31]
I think that,-4.0,formal_low_emotion,accordingly,17159,-7.257002830505371,[31]
I think that,-4.0,formal_low_emotion,furthermore,2134,-3.0231785774230957,[31]
I think that,-4.0,formal_high_emotion,profoundly,29160,-7.627025604248047,[31]
I think that,-4.0,formal_high_emotion,devastated,27668,-8.461485862731934,[31]
I think that,-4.0,formal_high_emotion,magnificent,16773,-6.450793266296387,[31]
I think that,-4.0,formal_high_emotion,appalling,573,-4.7815375328063965,[31]
I think that,-4.0,formal_high_emotion,extraordinary,10035,-4.588581085205078,[31]
I think that,-4.0,formal_high_emotion,overwhelming,11734,-5.377222537994385,[31]
I think that,-4.0,formal_high_emotion,catastrophic,24769,-7.232859134674072,[31]
I think that,-4.0,formal_high_emotion,triumphant,15511,-4.35415506362915,[31]
I think that,-4.0,casual_low_emotion,yeah,12191,-5.218319892883301,[31]
I think that,-4.0,casual_low_emotion,okay,10989,-4.084853172302246,[31]
I think that,-4.0,casual_low_emotion,kinda,21775,-3.7841298580169678,[31]
I think that,-4.0,casual_low_emotion,basically,8087,-4.466667175292969,[31]
I think that,-4.0,casual_low_emotion,anyway,8668,-1.9622328281402588,[31]
I think that,-4.0,casual_low_emotion,whatever,5193,-1.576554775238037,[31]
I think that,-4.0,casual_low_emotion,guess,5310,-7.4717512130737305,[31]
I think that,-4.0,casual_low_emotion,stuff,4269,-4.809232711791992,[31]
I think that,-4.0,casual_high_emotion,OMG,21978,-4.020279884338379,[31]
I think that,-4.0,casual_high_emotion,totally,7110,-5.0972442626953125,[31]
I think that,-4.0,casual_high_emotion,literally,8642,-3.7338545322418213,[31]
I think that,-4.0,casual_high_emotion,seriously,7580,-5.116161346435547,[31]
I think that,-4.0,casual_high_emotion,honestly,14483,-2.790099620819092,[31]
I think that,-4.0,casual_high_emotion,really,1196,-1.33454430103302,[31]
I think that,-4.0,casual_high_emotion,absolutely,6270,-4.66765022277832,[31]
I think that,-4.0,casual_high_emotion,incredibly,9301,-5.103267669677734,[31]
I think that,0.0,formal_low_emotion,perhaps,4153,0.20630696415901184,[31]
I think that,0.0,formal_low_emotion,may,754,-2.803056001663208,[31]
I think that,0.0,formal_low_emotion,however,2480,-3.914977550506592,[31]
I think that,0.0,formal_low_emotion,therefore,4320,-4.265963554382324,[31]
I think that,0.0,formal_low_emotion,consequently,23995,-5.016860485076904,[31]
I think that,0.0,formal_low_emotion,moreover,541,-2.8414783477783203,[31]
I think that,0.0,formal_low_emotion,accordingly,17159,-7.259115695953369,[31]
I think that,0.0,formal_low_emotion,furthermore,2134,-3.0228211879730225,[31]
I think that,0.0,formal_high_emotion,profoundly,29160,-7.6294965744018555,[31]
I think that,0.0,formal_high_emotion,devastated,27668,-8.464134216308594,[31]
I think that,0.0,formal_high_emotion,magnificent,16773,-6.453613758087158,[31]
I think that,0.0,formal_high_emotion,appalling,573,-4.78334903717041,[31]
I think that,0.0,formal_high_emotion,extraordinary,10035,-4.590891361236572,[31]
I think that,0.0,formal_high_emotion,overwhelming,11734,-5.378784656524658,[31]
I think that,0.0,formal_high_emotion,catastrophic,24769,-7.234338760375977,[31]
I think that,0.0,formal_high_emotion,triumphant,15511,-4.357380390167236,[31]
I think that,0.0,casual_low_emotion,yeah,12191,-5.221157073974609,[31]
I think that,0.0,casual_low_emotion,okay,10989,-4.0880584716796875,[31]
I think that,0.0,casual_low_emotion,kinda,21775,-3.7860257625579834,[31]
I think that,0.0,casual_low_emotion,basically,8087,-4.467886924743652,[31]
I think that,0.0,casual_low_emotion,anyway,8668,-1.9655611515045166,[31]
I think that,0.0,casual_low_emotion,whatever,5193,-1.5778964757919312,[31]
I think that,0.0,casual_low_emotion,guess,5310,-7.473489284515381,[31]
I think that,0.0,casual_low_emotion,stuff,4269,-4.812361717224121,[31]
I think that,0.0,casual_high_emotion,OMG,21978,-4.024178504943848,[31]
I think that,0.0,casual_high_emotion,totally,7110,-5.0990400314331055,[31]
I think that,0.0,casual_high_emotion,literally,8642,-3.7344107627868652,[31]
I think that,0.0,casual_high_emotion,seriously,7580,-5.117526054382324,[31]
I think that,0.0,casual_high_emotion,honestly,14483,-2.792492628097534,[31]
I think that,0.0,casual_high_emotion,really,1196,-1.3370417356491089,[31]
I think that,0.0,casual_high_emotion,absolutely,6270,-4.669983863830566,[31]
I think that,0.0,casual_high_emotion,incredibly,9301,-5.104833602905273,[31]
I think that,1.0,formal_low_emotion,perhaps,4153,0.2058122158050537,[31]
I think that,1.0,formal_low_emotion,may,754,-2.8037004470825195,[31]
I think that,1.0,formal_low_emotion,however,2480,-3.915515661239624,[31]
I think that,1.0,formal_low_emotion,therefore,4320,-4.266677379608154,[31]
I think that,1.0,formal_low_emotion,consequently,23995,-5.0176591873168945,[31]
I think that,1.0,formal_low_emotion,moreover,541,-2.8419508934020996,[31]
I think that,1.0,formal_low_emotion,accordingly,17159,-7.259634017944336,[31]
I think that,1.0,formal_low_emotion,furthermore,2134,-3.0227437019348145,[31]
I think that,1.0,formal_high_emotion,profoundly,29160,-7.630092144012451,[31]
I think that,1.0,formal_high_emotion,devastated,27668,-8.46481704711914,[31]
I think that,1.0,formal_high_emotion,magnificent,16773,-6.454354286193848,[31]
I think that,1.0,formal_high_emotion,appalling,573,-4.783796787261963,[31]
I think that,1.0,formal_high_emotion,extraordinary,10035,-4.591492176055908,[31]
I think that,1.0,formal_high_emotion,overwhelming,11734,-5.379208087921143,[31]
I think that,1.0,formal_high_emotion,catastrophic,24769,-7.234724044799805,[31]
I think that,1.0,formal_high_emotion,triumphant,15511,-4.358185768127441,[31]
I think that,1.0,casual_low_emotion,yeah,12191,-5.221872329711914,[31]
I think that,1.0,casual_low_emotion,okay,10989,-4.08888053894043,[31]
I think that,1.0,casual_low_emotion,kinda,21775,-3.7865092754364014,[31]
I think that,1.0,casual_low_emotion,basically,8087,-4.468190670013428,[31]
I think that,1.0,casual_low_emotion,anyway,8668,-1.9663965702056885,[31]
I think that,1.0,casual_low_emotion,whatever,5193,-1.578244686126709,[31]
I think that,1.0,casual_low_emotion,guess,5310,-7.473904132843018,[31]
I think that,1.0,casual_low_emotion,stuff,4269,-4.813152313232422,[31]
I think that,1.0,casual_high_emotion,OMG,21978,-4.02517032623291,[31]
I think that,1.0,casual_high_emotion,totally,7110,-5.0995025634765625,[31]
I think that,1.0,casual_high_emotion,literally,8642,-3.7345478534698486,[31]
I think that,1.0,casual_high_emotion,seriously,7580,-5.117851734161377,[31]
I think that,1.0,casual_high_emotion,honestly,14483,-2.7931108474731445,[31]
I think that,1.0,casual_high_emotion,really,1196,-1.337662696838379,[31]
I think that,1.0,casual_high_emotion,absolutely,6270,-4.670577526092529,[31]
I think that,1.0,casual_high_emotion,incredibly,9301,-5.105256080627441,[31]
I think that,4.0,formal_low_emotion,perhaps,4153,0.20439612865447998,[31]
I think that,4.0,formal_low_emotion,may,754,-2.80562686920166,[31]
I think that,4.0,formal_low_emotion,however,2480,-3.9172325134277344,[31]
I think that,4.0,formal_low_emotion,therefore,4320,-4.268718719482422,[31]
I think that,4.0,formal_low_emotion,consequently,23995,-5.020097732543945,[31]
I think that,4.0,formal_low_emotion,moreover,541,-2.8433334827423096,[31]
I think that,4.0,formal_low_emotion,accordingly,17159,-7.261192321777344,[31]
I think that,4.0,formal_low_emotion,furthermore,2134,-3.022634506225586,[31]
I think that,4.0,formal_high_emotion,profoundly,29160,-7.631857872009277,[31]
I think that,4.0,formal_high_emotion,devastated,27668,-8.467083930969238,[31]
I think that,4.0,formal_high_emotion,magnificent,16773,-6.456703186035156,[31]
I think that,4.0,formal_high_emotion,appalling,573,-4.7851080894470215,[31]
I think that,4.0,formal_high_emotion,extraordinary,10035,-4.593485355377197,[31]
I think that,4.0,formal_high_emotion,overwhelming,11734,-5.380680084228516,[31]
I think that,4.0,formal_high_emotion,catastrophic,24769,-7.236087799072266,[31]
I think that,4.0,formal_high_emotion,triumphant,15511,-4.360653877258301,[31]
I think that,4.0,casual_low_emotion,yeah,12191,-5.223974227905273,[31]
I think that,4.0,casual_low_emotion,okay,10989,-4.091362953186035,[31]
I think that,4.0,casual_low_emotion,kinda,21775,-3.7880001068115234,[31]
I think that,4.0,casual_low_emotion,basically,8087,-4.469177722930908,[31]
I think that,4.0,casual_low_emotion,anyway,8668,-1.9689887762069702,[31]
I think that,4.0,casual_low_emotion,whatever,5193,-1.5794540643692017,[31]
I think that,4.0,casual_low_emotion,guess,5310,-7.474974632263184,[31]
I think that,4.0,casual_low_emotion,stuff,4269,-4.815512657165527,[31]
I think that,4.0,casual_high_emotion,OMG,21978,-4.0280914306640625,[31]
I think that,4.0,casual_high_emotion,totally,7110,-5.100951194763184,[31]
I think that,4.0,casual_high_emotion,literally,8642,-3.735015392303467,[31]
I think that,4.0,casual_high_emotion,seriously,7580,-5.11881685256958,[31]
I think that,4.0,casual_high_emotion,honestly,14483,-2.794990062713623,[31]
I think that,4.0,casual_high_emotion,really,1196,-1.3394649028778076,[31]
I think that,4.0,casual_high_emotion,absolutely,6270,-4.672364711761475,[31]
I think that,4.0,casual_high_emotion,incredibly,9301,-5.106752395629883,[31]
The situation is,-4.0,formal_low_emotion,perhaps,4153,0.4603310823440552,[31]
The situation is,-4.0,formal_low_emotion,may,754,0.1410493552684784,[31]
The situation is,-4.0,formal_low_emotion,however,2480,0.185368150472641,[31]
The situation is,-4.0,formal_low_emotion,therefore,4320,-1.030592441558838,[31]
The situation is,-4.0,formal_low_emotion,consequently,23995,-3.9952542781829834,[31]
The situation is,-4.0,formal_low_emotion,moreover,541,2.657106876373291,[31]
The situation is,-4.0,formal_low_emotion,accordingly,17159,-5.581035614013672,[31]
The situation is,-4.0,formal_low_emotion,furthermore,2134,4.212259292602539,[31]
The situation is,-4.0,formal_high_emotion,profoundly,29160,-4.747730255126953,[31]
The situation is,-4.0,formal_high_emotion,devastated,27668,-3.7233340740203857,[31]
The situation is,-4.0,formal_high_emotion,magnificent,16773,-6.090583801269531,[31]
The situation is,-4.0,formal_high_emotion,appalling,573,-0.3433927297592163,[31]
The situation is,-4.0,formal_high_emotion,extraordinary,10035,-0.2878838777542114,[31]
The situation is,-4.0,formal_high_emotion,overwhelming,11734,0.339318186044693,[31]
The situation is,-4.0,formal_high_emotion,catastrophic,24769,-1.110870599746704,[31]
The situation is,-4.0,formal_high_emotion,triumphant,15511,-6.298366546630859,[31]
The situation is,-4.0,casual_low_emotion,yeah,12191,-5.947988986968994,[31]
The situation is,-4.0,casual_low_emotion,okay,10989,-0.13848471641540527,[31]
The situation is,-4.0,casual_low_emotion,kinda,21775,-1.6264469623565674,[31]
The situation is,-4.0,casual_low_emotion,basically,8087,-1.2635974884033203,[31]
The situation is,-4.0,casual_low_emotion,anyway,8668,-2.0291123390197754,[31]
The situation is,-4.0,casual_low_emotion,whatever,5193,-7.153386116027832,[31]
The situation is,-4.0,casual_low_emotion,guess,5310,-2.4478795528411865,[31]
The situation is,-4.0,casual_low_emotion,stuff,4269,-6.039844512939453,[31]
The situation is,-4.0,casual_high_emotion,OMG,21978,-1.6228625774383545,[31]
The situation is,-4.0,casual_high_emotion,totally,7110,1.114624261856079,[31]
The situation is,-4.0,casual_high_emotion,literally,8642,0.3314812183380127,[31]
The situation is,-4.0,casual_high_emotion,seriously,7580,0.1499965786933899,[31]
The situation is,-4.0,casual_high_emotion,honestly,14483,-1.8211959600448608,[31]
The situation is,-4.0,casual_high_emotion,really,1196,3.927198886871338,[31]
The situation is,-4.0,casual_high_emotion,absolutely,6270,0.9098218679428101,[31]
The situation is,-4.0,casual_high_emotion,incredibly,9301,1.3705428838729858,[31]
The situation is,0.0,formal_low_emotion,perhaps,4153,0.459769070148468,[31]
The situation is,0.0,formal_low_emotion,may,754,0.1400192379951477,[31]
The situation is,0.0,formal_low_emotion,however,2480,0.18510189652442932,[31]
The situation is,0.0,formal_low_emotion,therefore,4320,-1.0305125713348389,[31]
The situation is,0.0,formal_low_emotion,consequently,23995,-3.9953932762145996,[31]
The situation is,0.0,formal_low_emotion,moreover,541,2.6564278602600098,[31]
The situation is,0.0,formal_low_emotion,accordingly,17159,-5.581841468811035,[31]
The situation is,0.0,formal_low_emotion,furthermore,2134,4.211488723754883,[31]
The situation is,0.0,formal_high_emotion,profoundly,29160,-4.748347282409668,[31]
The situation is,0.0,formal_high_emotion,devastated,27668,-3.7240302562713623,[31]
The situation is,0.0,formal_high_emotion,magnificent,16773,-6.091461181640625,[31]
The situation is,0.0,formal_high_emotion,appalling,573,-0.3451269268989563,[31]
The situation is,0.0,formal_high_emotion,extraordinary,10035,-0.2888362407684326,[31]
The situation is,0.0,formal_high_emotion,overwhelming,11734,0.3396517038345337,[31]
The situation is,0.0,formal_high_emotion,catastrophic,24769,-1.1110560894012451,[31]
The situation is,0.0,formal_high_emotion,triumphant,15511,-6.298547267913818,[31]
The situation is,0.0,casual_low_emotion,yeah,12191,-5.949405670166016,[31]
The situation is,0.0,casual_low_emotion,okay,10989,-0.13959860801696777,[31]
The situation is,0.0,casual_low_emotion,kinda,21775,-1.627427101135254,[31]
The situation is,0.0,casual_low_emotion,basically,8087,-1.264322280883789,[31]
The situation is,0.0,casual_low_emotion,anyway,8668,-2.029893398284912,[31]
The situation is,0.0,casual_low_emotion,whatever,5193,-7.154173851013184,[31]
The situation is,0.0,casual_low_emotion,guess,5310,-2.4485344886779785,[31]
The situation is,0.0,casual_low_emotion,stuff,4269,-6.040876388549805,[31]
The situation is,0.0,casual_high_emotion,OMG,21978,-1.6245207786560059,[31]
The situation is,0.0,casual_high_emotion,totally,7110,1.1137864589691162,[31]
The situation is,0.0,casual_high_emotion,literally,8642,0.3301633596420288,[31]
The situation is,0.0,casual_high_emotion,seriously,7580,0.14966925978660583,[31]
The situation is,0.0,casual_high_emotion,honestly,14483,-1.8227653503417969,[31]
The situation is,0.0,casual_high_emotion,really,1196,3.9269018173217773,[31]
The situation is,0.0,casual_high_emotion,absolutely,6270,0.9094484448432922,[31]
The situation is,0.0,casual_high_emotion,incredibly,9301,1.3703759908676147,[31]
The situation is,1.0,formal_low_emotion,perhaps,4153,0.45963501930236816,[31]
The situation is,1.0,formal_low_emotion,may,754,0.1397370994091034,[31]
The situation is,1.0,formal_low_emotion,however,2480,0.18501636385917664,[31]
The situation is,1.0,formal_low_emotion,therefore,4320,-1.0305018424987793,[31]
The situation is,1.0,formal_low_emotion,consequently,23995,-3.9954416751861572,[31]
The situation is,1.0,formal_low_emotion,moreover,541,2.6562626361846924,[31]
The situation is,1.0,formal_low_emotion,accordingly,17159,-5.582033157348633,[31]
The situation is,1.0,formal_low_emotion,furthermore,2134,4.211295127868652,[31]
The situation is,1.0,formal_high_emotion,profoundly,29160,-4.748511791229248,[31]
The situation is,1.0,formal_high_emotion,devastated,27668,-3.724219799041748,[31]
The situation is,1.0,formal_high_emotion,magnificent,16773,-6.091681957244873,[31]
The situation is,1.0,formal_high_emotion,appalling,573,-0.3455497622489929,[31]
The situation is,1.0,formal_high_emotion,extraordinary,10035,-0.2890723943710327,[31]
The situation is,1.0,formal_high_emotion,overwhelming,11734,0.3397325277328491,[31]
The situation is,1.0,formal_high_emotion,catastrophic,24769,-1.111100673675537,[31]
The situation is,1.0,formal_high_emotion,triumphant,15511,-6.298599720001221,[31]
The situation is,1.0,casual_low_emotion,yeah,12191,-5.949758529663086,[31]
The situation is,1.0,casual_low_emotion,okay,10989,-0.139857679605484,[31]
The situation is,1.0,casual_low_emotion,kinda,21775,-1.6276700496673584,[31]
The situation is,1.0,casual_low_emotion,basically,8087,-1.2645151615142822,[31]
The situation is,1.0,casual_low_emotion,anyway,8668,-2.0300707817077637,[31]
The situation is,1.0,casual_low_emotion,whatever,5193,-7.154359340667725,[31]
The situation is,1.0,casual_low_emotion,guess,5310,-2.4486775398254395,[31]
The situation is,1.0,casual_low_emotion,stuff,4269,-6.041114807128906,[31]
The situation is,1.0,casual_high_emotion,OMG,21978,-1.6249549388885498,[31]
The situation is,1.0,casual_high_emotion,totally,7110,1.113581657409668,[31]
The situation is,1.0,casual_high_emotion,literally,8642,0.32985711097717285,[31]
The situation is,1.0,casual_high_emotion,seriously,7580,0.1495804488658905,[31]
The situation is,1.0,casual_high_emotion,honestly,14483,-1.8231734037399292,[31]
The situation is,1.0,casual_high_emotion,really,1196,3.9268295764923096,[31]
The situation is,1.0,casual_high_emotion,absolutely,6270,0.9093612432479858,[31]
The situation is,1.0,casual_high_emotion,incredibly,9301,1.3703346252441406,[31]
The situation is,4.0,formal_low_emotion,perhaps,4153,0.4592396020889282,[31]
The situation is,4.0,formal_low_emotion,may,754,0.1388987898826599,[31]
The situation is,4.0,formal_low_emotion,however,2480,0.18466302752494812,[31]
The situation is,4.0,formal_low_emotion,therefore,4320,-1.0305367708206177,[31]
The situation is,4.0,formal_low_emotion,consequently,23995,-3.9956562519073486,[31]
The situation is,4.0,formal_low_emotion,moreover,541,2.6557912826538086,[31]
The situation is,4.0,formal_low_emotion,accordingly,17159,-5.582576751708984,[31]
The situation is,4.0,formal_low_emotion,furthermore,2134,4.2107038497924805,[31]
The situation is,4.0,formal_high_emotion,profoundly,29160,-4.749082088470459,[31]
The situation is,4.0,formal_high_emotion,devastated,27668,-3.7248716354370117,[31]
The situation is,4.0,formal_high_emotion,magnificent,16773,-6.092348098754883,[31]
The situation is,4.0,formal_high_emotion,appalling,573,-0.3468032479286194,[31]
The situation is,4.0,formal_high_emotion,extraordinary,10035,-0.2897498607635498,[31]
The situation is,4.0,formal_high_emotion,overwhelming,11734,0.33997097611427307,[31]
The situation is,4.0,formal_high_emotion,catastrophic,24769,-1.1112480163574219,[31]
The situation is,4.0,formal_high_emotion,triumphant,15511,-6.298882484436035,[31]
The situation is,4.0,casual_low_emotion,yeah,12191,-5.95073938369751,[31]
The situation is,4.0,casual_low_emotion,okay,10989,-0.14059650897979736,[31]
The situation is,4.0,casual_low_emotion,kinda,21775,-1.6283856630325317,[31]
The situation is,4.0,casual_low_emotion,basically,8087,-1.2650883197784424,[31]
The situation is,4.0,casual_low_emotion,anyway,8668,-2.0306172370910645,[31]
The situation is,4.0,casual_low_emotion,whatever,5193,-7.154833793640137,[31]
The situation is,4.0,casual_low_emotion,guess,5310,-2.4491138458251953,[31]
The situation is,4.0,casual_low_emotion,stuff,4269,-6.0418009757995605,[31]
The situation is,4.0,casual_high_emotion,OMG,21978,-1.6263301372528076,[31]
The situation is,4.0,casual_high_emotion,totally,7110,1.1129381656646729,[31]
The situation is,4.0,casual_high_emotion,literally,8642,0.32902443408966064,[31]
The situation is,4.0,casual_high_emotion,seriously,7580,0.14923793077468872,[31]
The situation is,4.0,casual_high_emotion,honestly,14483,-1.8244677782058716,[31]
The situation is,4.0,casual_high_emotion,really,1196,3.926584243774414,[31]
The situation is,4.0,casual_high_emotion,absolutely,6270,0.9091051816940308,[31]
The situation is,4.0,casual_high_emotion,incredibly,9301,1.3701274394989014,[31]
My opinion on this is,-4.0,formal_low_emotion,perhaps,4153,-0.6517692804336548,[31]
My opinion on this is,-4.0,formal_low_emotion,may,754,-1.064495325088501,[31]
My opinion on this is,-4.0,formal_low_emotion,however,2480,0.27974581718444824,[31]
My opinion on this is,-4.0,formal_low_emotion,therefore,4320,-1.4927442073822021,[31]
My opinion on this is,-4.0,formal_low_emotion,consequently,23995,-5.659446716308594,[31]
My opinion on this is,-4.0,formal_low_emotion,moreover,541,2.1861283779144287,[31]
My opinion on this is,-4.0,formal_low_emotion,accordingly,17159,-5.063601016998291,[31]
My opinion on this is,-4.0,formal_low_emotion,furthermore,2134,1.6194912195205688,[31]
My opinion on this is,-4.0,formal_high_emotion,profoundly,29160,-3.581303119659424,[31]
My opinion on this is,-4.0,formal_high_emotion,devastated,27668,-6.051400184631348,[31]
My opinion on this is,-4.0,formal_high_emotion,magnificent,16773,-7.634553909301758,[31]
My opinion on this is,-4.0,formal_high_emotion,appalling,573,-2.156881093978882,[31]
My opinion on this is,-4.0,formal_high_emotion,extraordinary,10035,-6.5391011238098145,[31]
My opinion on this is,-4.0,formal_high_emotion,overwhelming,11734,-2.5234408378601074,[31]
My opinion on this is,-4.0,formal_high_emotion,catastrophic,24769,-8.4164457321167,[31]
My opinion on this is,-4.0,formal_high_emotion,triumphant,15511,-7.073497772216797,[31]
My opinion on this is,-4.0,casual_low_emotion,yeah,12191,-1.9894448518753052,[31]
My opinion on this is,-4.0,casual_low_emotion,okay,10989,2.4695115089416504,[31]
My opinion on this is,-4.0,casual_low_emotion,kinda,21775,2.372124433517456,[31]
My opinion on this is,-4.0,casual_low_emotion,basically,8087,3.004737138748169,[31]
My opinion on this is,-4.0,casual_low_emotion,anyway,8668,-0.7705593109130859,[31]
My opinion on this is,-4.0,casual_low_emotion,whatever,5193,-0.5840474367141724,[31]
My opinion on this is,-4.0,casual_low_emotion,guess,5310,-0.9389830827713013,[31]
My opinion on this is,-4.0,casual_low_emotion,stuff,4269,-4.388666152954102,[31]
My opinion on this is,-4.0,casual_high_emotion,OMG,21978,-4.683372497558594,[31]
My opinion on this is,-4.0,casual_high_emotion,totally,7110,3.8465840816497803,[31]
My opinion on this is,-4.0,casual_high_emotion,literally,8642,-1.3271030187606812,[31]
My opinion on this is,-4.0,casual_high_emotion,seriously,7580,-0.6687933206558228,[31]
My opinion on this is,-4.0,casual_high_emotion,honestly,14483,1.4658178091049194,[31]
My opinion on this is,-4.0,casual_high_emotion,really,1196,3.1159584522247314,[31]
My opinion on this is,-4.0,casual_high_emotion,absolutely,6270,-0.4768332242965698,[31]
My opinion on this is,-4.0,casual_high_emotion,incredibly,9301,-2.0405025482177734,[31]
My opinion on this is,0.0,formal_low_emotion,perhaps,4153,-0.6527979969978333,[31]
My opinion on this is,0.0,formal_low_emotion,may,754,-1.066109538078308,[31]
My opinion on this is,0.0,formal_low_emotion,however,2480,0.27912041544914246,[31]
My opinion on this is,0.0,formal_low_emotion,therefore,4320,-1.4930574893951416,[31]
My opinion on this is,0.0,formal_low_emotion,consequently,23995,-5.660994052886963,[31]
My opinion on this is,0.0,formal_low_emotion,moreover,541,2.185727119445801,[31]
My opinion on this is,0.0,formal_low_emotion,accordingly,17159,-5.065578937530518,[31]
My opinion on this is,0.0,formal_low_emotion,furthermore,2134,1.6191164255142212,[31]
My opinion on this is,0.0,formal_high_emotion,profoundly,29160,-3.5837416648864746,[31]
My opinion on this is,0.0,formal_high_emotion,devastated,27668,-6.0528435707092285,[31]
My opinion on this is,0.0,formal_high_emotion,magnificent,16773,-7.636441230773926,[31]
My opinion on this is,0.0,formal_high_emotion,appalling,573,-2.158034324645996,[31]
My opinion on this is,0.0,formal_high_emotion,extraordinary,10035,-6.540022850036621,[31]
My opinion on this is,0.0,formal_high_emotion,overwhelming,11734,-2.524167060852051,[31]
My opinion on this is,0.0,formal_high_emotion,catastrophic,24769,-8.416932106018066,[31]
My opinion on this is,0.0,formal_high_emotion,triumphant,15511,-7.073650360107422,[31]
My opinion on this is,0.0,casual_low_emotion,yeah,12191,-1.9912651777267456,[31]
My opinion on this is,0.0,casual_low_emotion,okay,10989,2.4679245948791504,[31]
My opinion on this is,0.0,casual_low_emotion,kinda,21775,2.3705766201019287,[31]
My opinion on this is,0.0,casual_low_emotion,basically,8087,3.003385543823242,[31]
My opinion on this is,0.0,casual_low_emotion,anyway,8668,-0.7719849348068237,[31]
My opinion on this is,0.0,casual_low_emotion,whatever,5193,-0.5854933261871338,[31]
My opinion on this is,0.0,casual_low_emotion,guess,5310,-0.9404014348983765,[31]
My opinion on this is,0.0,casual_low_emotion,stuff,4269,-4.3900041580200195,[31]
My opinion on this is,0.0,casual_high_emotion,OMG,21978,-4.6847124099731445,[31]
My opinion on this is,0.0,casual_high_emotion,totally,7110,3.8454718589782715,[31]
My opinion on this is,0.0,casual_high_emotion,literally,8642,-1.3281145095825195,[31]
My opinion on this is,0.0,casual_high_emotion,seriously,7580,-0.6700565814971924,[31]
My opinion on this is,0.0,casual_high_emotion,honestly,14483,1.4645893573760986,[31]
My opinion on this is,0.0,casual_high_emotion,really,1196,3.1148242950439453,[31]
My opinion on this is,0.0,casual_high_emotion,absolutely,6270,-0.47838884592056274,[31]
My opinion on this is,0.0,casual_high_emotion,incredibly,9301,-2.0416207313537598,[31]
My opinion on this is,1.0,formal_low_emotion,perhaps,4153,-0.6530513763427734,[31]
My opinion on this is,1.0,formal_low_emotion,may,754,-1.0665335655212402,[31]
My opinion on this is,1.0,formal_low_emotion,however,2480,0.27894127368927,[31]
My opinion on this is,1.0,formal_low_emotion,therefore,4320,-1.493159532546997,[31]
My opinion on this is,1.0,formal_low_emotion,consequently,23995,-5.66140079498291,[31]
My opinion on this is,1.0,formal_low_emotion,moreover,541,2.185621976852417,[31]
My opinion on this is,1.0,formal_low_emotion,accordingly,17159,-5.066076278686523,[31]
My opinion on this is,1.0,formal_low_emotion,furthermore,2134,1.6190004348754883,[31]
My opinion on this is,1.0,formal_high_emotion,profoundly,29160,-3.5843353271484375,[31]
My opinion on this is,1.0,formal_high_emotion,devastated,27668,-6.053213596343994,[31]
My opinion on this is,1.0,formal_high_emotion,magnificent,16773,-7.636904239654541,[31]
My opinion on this is,1.0,formal_high_emotion,appalling,573,-2.1583240032196045,[31]
My opinion on this is,1.0,formal_high_emotion,extraordinary,10035,-6.540251731872559,[31]
My opinion on this is,1.0,formal_high_emotion,overwhelming,11734,-2.524343252182007,[31]
My opinion on this is,1.0,formal_high_emotion,catastrophic,24769,-8.417057991027832,[31]
My opinion on this is,1.0,formal_high_emotion,triumphant,15511,-7.073696136474609,[31]
My opinion on this is,1.0,casual_low_emotion,yeah,12191,-1.9917230606079102,[31]
My opinion on this is,1.0,casual_low_emotion,okay,10989,2.4675450325012207,[31]
My opinion on this is,1.0,casual_low_emotion,kinda,21775,2.370185136795044,[31]
My opinion on this is,1.0,casual_low_emotion,basically,8087,3.003045082092285,[31]
My opinion on this is,1.0,casual_low_emotion,anyway,8668,-0.7723385691642761,[31]
My opinion on this is,1.0,casual_low_emotion,whatever,5193,-0.5858461856842041,[31]
My opinion on this is,1.0,casual_low_emotion,guess,5310,-0.9407533407211304,[31]
My opinion on this is,1.0,casual_low_emotion,stuff,4269,-4.390328407287598,[31]
My opinion on this is,1.0,casual_high_emotion,OMG,21978,-4.685068130493164,[31]
My opinion on this is,1.0,casual_high_emotion,totally,7110,3.8451995849609375,[31]
My opinion on this is,1.0,casual_high_emotion,literally,8642,-1.328357219696045,[31]
My opinion on this is,1.0,casual_high_emotion,seriously,7580,-0.6703555583953857,[31]
My opinion on this is,1.0,casual_high_emotion,honestly,14483,1.4642746448516846,[31]
My opinion on this is,1.0,casual_high_emotion,really,1196,3.1145431995391846,[31]
My opinion on this is,1.0,casual_high_emotion,absolutely,6270,-0.4787575602531433,[31]
My opinion on this is,1.0,casual_high_emotion,incredibly,9301,-2.0418953895568848,[31]
My opinion on this is,4.0,formal_low_emotion,perhaps,4153,-0.6538485288619995,[31]
My opinion on this is,4.0,formal_low_emotion,may,754,-1.067825436592102,[31]
My opinion on this is,4.0,formal_low_emotion,however,2480,0.27832362055778503,[31]
My opinion on this is,4.0,formal_low_emotion,therefore,4320,-1.4935226440429688,[31]
My opinion on this is,4.0,formal_low_emotion,consequently,23995,-5.662629127502441,[31]
My opinion on this is,4.0,formal_low_emotion,moreover,541,2.1853156089782715,[31]
My opinion on this is,4.0,formal_low_emotion,accordingly,17159,-5.067451000213623,[31]
My opinion on this is,4.0,formal_low_emotion,furthermore,2134,1.6185522079467773,[31]
My opinion on this is,4.0,formal_high_emotion,profoundly,29160,-3.5861032009124756,[31]
My opinion on this is,4.0,formal_high_emotion,devastated,27668,-6.054447174072266,[31]
My opinion on this is,4.0,formal_high_emotion,magnificent,16773,-7.638253211975098,[31]
My opinion on this is,4.0,formal_high_emotion,appalling,573,-2.1591358184814453,[31]
My opinion on this is,4.0,formal_high_emotion,extraordinary,10035,-6.540981769561768,[31]
My opinion on this is,4.0,formal_high_emotion,overwhelming,11734,-2.524995803833008,[31]
My opinion on this is,4.0,formal_high_emotion,catastrophic,24769,-8.417367935180664,[31]
My opinion on this is,4.0,formal_high_emotion,triumphant,15511,-7.073972702026367,[31]
My opinion on this is,4.0,casual_low_emotion,yeah,12191,-1.9931246042251587,[31]
My opinion on this is,4.0,casual_low_emotion,okay,10989,2.4664623737335205,[31]
My opinion on this is,4.0,casual_low_emotion,kinda,21775,2.368975877761841,[31]
My opinion on this is,4.0,casual_low_emotion,basically,8087,3.00201416015625,[31]
My opinion on this is,4.0,casual_low_emotion,anyway,8668,-0.7734322547912598,[31]
My opinion on this is,4.0,casual_low_emotion,whatever,5193,-0.5869168043136597,[31]
My opinion on this is,4.0,casual_low_emotion,guess,5310,-0.9418808221817017,[31]
My opinion on this is,4.0,casual_low_emotion,stuff,4269,-4.391247749328613,[31]
My opinion on this is,4.0,casual_high_emotion,OMG,21978,-4.686099052429199,[31]
My opinion on this is,4.0,casual_high_emotion,totally,7110,3.844350576400757,[31]
My opinion on this is,4.0,casual_high_emotion,literally,8642,-1.3290882110595703,[31]
My opinion on this is,4.0,casual_high_emotion,seriously,7580,-0.6712584495544434,[31]
My opinion on this is,4.0,casual_high_emotion,honestly,14483,1.4632785320281982,[31]
My opinion on this is,4.0,casual_high_emotion,really,1196,3.1136882305145264,[31]
My opinion on this is,4.0,casual_high_emotion,absolutely,6270,-0.4798332452774048,[31]
My opinion on this is,4.0,casual_high_emotion,incredibly,9301,-2.042720317840576,[31]
It seems to me that,-4.0,formal_low_emotion,perhaps,4153,-2.021108627319336,[31]
It seems to me that,-4.0,formal_low_emotion,may,754,-4.96523904800415,[31]
It seems to me that,-4.0,formal_low_emotion,however,2480,-4.489040374755859,[31]
It seems to me that,-4.0,formal_low_emotion,therefore,4320,-6.450017929077148,[31]
It seems to me that,-4.0,formal_low_emotion,consequently,23995,-7.576021194458008,[31]
It seems to me that,-4.0,formal_low_emotion,moreover,541,-2.2098660469055176,[31]
It seems to me that,-4.0,formal_low_emotion,accordingly,17159,-9.589737892150879,[31]
It seems to me that,-4.0,formal_low_emotion,furthermore,2134,-5.53126859664917,[31]
It seems to me that,-4.0,formal_high_emotion,profoundly,29160,-8.292586326599121,[31]
It seems to me that,-4.0,formal_high_emotion,devastated,27668,-11.009775161743164,[31]
It seems to me that,-4.0,formal_high_emotion,magnificent,16773,-9.346446990966797,[31]
It seems to me that,-4.0,formal_high_emotion,appalling,573,-4.518712043762207,[31]
It seems to me that,-4.0,formal_high_emotion,extraordinary,10035,-6.208436012268066,[31]
It seems to me that,-4.0,formal_high_emotion,overwhelming,11734,-7.024461269378662,[31]
It seems to me that,-4.0,formal_high_emotion,catastrophic,24769,-7.815263748168945,[31]
It seems to me that,-4.0,formal_high_emotion,triumphant,15511,-7.289438724517822,[31]
It seems to me that,-4.0,casual_low_emotion,yeah,12191,-6.118071556091309,[31]
It seems to me that,-4.0,casual_low_emotion,okay,10989,-6.562337875366211,[31]
It seems to me that,-4.0,casual_low_emotion,kinda,21775,-6.988308906555176,[31]
It seems to me that,-4.0,casual_low_emotion,basically,8087,-7.192136287689209,[31]
It seems to me that,-4.0,casual_low_emotion,anyway,8668,-3.6855309009552,[31]
It seems to me that,-4.0,casual_low_emotion,whatever,5193,-1.9213780164718628,[31]
It seems to me that,-4.0,casual_low_emotion,guess,5310,-10.81209659576416,[31]
It seems to me that,-4.0,casual_low_emotion,stuff,4269,-6.967818260192871,[31]
It seems to me that,-4.0,casual_high_emotion,OMG,21978,-5.619261741638184,[31]
It seems to me that,-4.0,casual_high_emotion,totally,7110,-7.29558801651001,[31]
It seems to me that,-4.0,casual_high_emotion,literally,8642,-6.1312713623046875,[31]
It seems to me that,-4.0,casual_high_emotion,seriously,7580,-7.757450103759766,[31]
It seems to me that,-4.0,casual_high_emotion,honestly,14483,-4.216941833496094,[31]
It seems to me that,-4.0,casual_high_emotion,really,1196,-4.763197898864746,[31]
It seems to me that,-4.0,casual_high_emotion,absolutely,6270,-6.85959529876709,[31]
It seems to me that,-4.0,casual_high_emotion,incredibly,9301,-6.715611457824707,[31]
It seems to me that,0.0,formal_low_emotion,perhaps,4153,-2.0216994285583496,[31]
It seems to me that,0.0,formal_low_emotion,may,754,-4.966620922088623,[31]
It seems to me that,0.0,formal_low_emotion,however,2480,-4.4904303550720215,[31]
It seems to me that,0.0,formal_low_emotion,therefore,4320,-6.45097017288208,[31]
It seems to me that,0.0,formal_low_emotion,consequently,23995,-7.577242374420166,[31]
It seems to me that,0.0,formal_low_emotion,moreover,541,-2.210399627685547,[31]
It seems to me that,0.0,formal_low_emotion,accordingly,17159,-9.591078758239746,[31]
It seems to me that,0.0,formal_low_emotion,furthermore,2134,-5.530567169189453,[31]
It seems to me that,0.0,formal_high_emotion,profoundly,29160,-8.293858528137207,[31]
It seems to me that,0.0,formal_high_emotion,devastated,27668,-11.011457443237305,[31]
It seems to me that,0.0,formal_high_emotion,magnificent,16773,-9.347404479980469,[31]
It seems to me that,0.0,formal_high_emotion,appalling,573,-4.520401477813721,[31]
It seems to me that,0.0,formal_high_emotion,extraordinary,10035,-6.209336280822754,[31]
It seems to me that,0.0,formal_high_emotion,overwhelming,11734,-7.026009559631348,[31]
It seems to me that,0.0,formal_high_emotion,catastrophic,24769,-7.815798759460449,[31]
It seems to me that,0.0,formal_high_emotion,triumphant,15511,-7.291160583496094,[31]
It seems to me that,0.0,casual_low_emotion,yeah,12191,-6.119842052459717,[31]
It seems to me that,0.0,casual_low_emotion,okay,10989,-6.564296245574951,[31]
It seems to me that,0.0,casual_low_emotion,kinda,21775,-6.989532947540283,[31]
It seems to me that,0.0,casual_low_emotion,basically,8087,-7.1927876472473145,[31]
It seems to me that,0.0,casual_low_emotion,anyway,8668,-3.6877448558807373,[31]
It seems to me that,0.0,casual_low_emotion,whatever,5193,-1.9219998121261597,[31]
It seems to me that,0.0,casual_low_emotion,guess,5310,-10.813505172729492,[31]
It seems to me that,0.0,casual_low_emotion,stuff,4269,-6.969538688659668,[31]
It seems to me that,0.0,casual_high_emotion,OMG,21978,-5.620972156524658,[31]
It seems to me that,0.0,casual_high_emotion,totally,7110,-7.296573638916016,[31]
It seems to me that,0.0,casual_high_emotion,literally,8642,-6.13206672668457,[31]
It seems to me that,0.0,casual_high_emotion,seriously,7580,-7.758687496185303,[31]
It seems to me that,0.0,casual_high_emotion,honestly,14483,-4.218777179718018,[31]
It seems to me that,0.0,casual_high_emotion,really,1196,-4.7642436027526855,[31]
It seems to me that,0.0,casual_high_emotion,absolutely,6270,-6.860869884490967,[31]
It seems to me that,0.0,casual_high_emotion,incredibly,9301,-6.71627140045166,[31]
It seems to me that,1.0,formal_low_emotion,perhaps,4153,-2.021848440170288,[31]
It seems to me that,1.0,formal_low_emotion,may,754,-4.966970920562744,[31]
It seems to me that,1.0,formal_low_emotion,however,2480,-4.490779876708984,[31]
It seems to me that,1.0,formal_low_emotion,therefore,4320,-6.451186656951904,[31]
It seems to me that,1.0,formal_low_emotion,consequently,23995,-7.577548027038574,[31]
It seems to me that,1.0,formal_low_emotion,moreover,541,-2.210540771484375,[31]
It seems to me that,1.0,formal_low_emotion,accordingly,17159,-9.591421127319336,[31]
It seems to me that,1.0,formal_low_emotion,furthermore,2134,-5.53042459487915,[31]
It seems to me that,1.0,formal_high_emotion,profoundly,29160,-8.294178009033203,[31]
It seems to me that,1.0,formal_high_emotion,devastated,27668,-11.011892318725586,[31]
It seems to me that,1.0,formal_high_emotion,magnificent,16773,-9.347652435302734,[31]
It seems to me that,1.0,formal_high_emotion,appalling,573,-4.520817756652832,[31]
It seems to me that,1.0,formal_high_emotion,extraordinary,10035,-6.20956563949585,[31]
It seems to me that,1.0,formal_high_emotion,overwhelming,11734,-7.026409149169922,[31]
It seems to me that,1.0,formal_high_emotion,catastrophic,24769,-7.815947532653809,[31]
It seems to me that,1.0,formal_high_emotion,triumphant,15511,-7.291601181030273,[31]
It seems to me that,1.0,casual_low_emotion,yeah,12191,-6.120282173156738,[31]
It seems to me that,1.0,casual_low_emotion,okay,10989,-6.564785957336426,[31]
It seems to me that,1.0,casual_low_emotion,kinda,21775,-6.989842414855957,[31]
It seems to me that,1.0,casual_low_emotion,basically,8087,-7.1929497718811035,[31]
It seems to me that,1.0,casual_low_emotion,anyway,8668,-3.6882853507995605,[31]
It seems to me that,1.0,casual_low_emotion,whatever,5193,-1.9221572875976562,[31]
It seems to me that,1.0,casual_low_emotion,guess,5310,-10.813848495483398,[31]
It seems to me that,1.0,casual_low_emotion,stuff,4269,-6.969966888427734,[31]
It seems to me that,1.0,casual_high_emotion,OMG,21978,-5.621413230895996,[31]
It seems to me that,1.0,casual_high_emotion,totally,7110,-7.296827793121338,[31]
It seems to me that,1.0,casual_high_emotion,literally,8642,-6.132267951965332,[31]
It seems to me that,1.0,casual_high_emotion,seriously,7580,-7.758991241455078,[31]
It seems to me that,1.0,casual_high_emotion,honestly,14483,-4.219243049621582,[31]
It seems to me that,1.0,casual_high_emotion,really,1196,-4.76451301574707,[31]
It seems to me that,1.0,casual_high_emotion,absolutely,6270,-6.861181259155273,[31]
It seems to me that,1.0,casual_high_emotion,incredibly,9301,-6.716452598571777,[31]
It seems to me that,4.0,formal_low_emotion,perhaps,4153,-2.022305488586426,[31]
It seems to me that,4.0,formal_low_emotion,may,754,-4.967982769012451,[31]
It seems to me that,4.0,formal_low_emotion,however,2480,-4.491792678833008,[31]
It seems to me that,4.0,formal_low_emotion,therefore,4320,-6.4517388343811035,[31]
It seems to me that,4.0,formal_low_emotion,consequently,23995,-7.5783586502075195,[31]
It seems to me that,4.0,formal_low_emotion,moreover,541,-2.2109568119049072,[31]
It seems to me that,4.0,formal_low_emotion,accordingly,17159,-9.592354774475098,[31]
It seems to me that,4.0,formal_low_emotion,furthermore,2134,-5.530051231384277,[31]
It seems to me that,4.0,formal_high_emotion,profoundly,29160,-8.295129776000977,[31]
It seems to me that,4.0,formal_high_emotion,devastated,27668,-11.013370513916016,[31]
It seems to me that,4.0,formal_high_emotion,magnificent,16773,-9.348466873168945,[31]
It seems to me that,4.0,formal_high_emotion,appalling,573,-4.521964073181152,[31]
It seems to me that,4.0,formal_high_emotion,extraordinary,10035,-6.2103471755981445,[31]
It seems to me that,4.0,formal_high_emotion,overwhelming,11734,-7.027596473693848,[31]
It seems to me that,4.0,formal_high_emotion,catastrophic,24769,-7.8164801597595215,[31]
It seems to me that,4.0,formal_high_emotion,triumphant,15511,-7.29292106628418,[31]
It seems to me that,4.0,casual_low_emotion,yeah,12191,-6.121581554412842,[31]
It seems to me that,4.0,casual_low_emotion,okay,10989,-6.5661749839782715,[31]
It seems to me that,4.0,casual_low_emotion,kinda,21775,-6.990726947784424,[31]
It seems to me that,4.0,casual_low_emotion,basically,8087,-7.193478584289551,[31]
It seems to me that,4.0,casual_low_emotion,anyway,8668,-3.689964532852173,[31]
It seems to me that,4.0,casual_low_emotion,whatever,5193,-1.9226635694503784,[31]
It seems to me that,4.0,casual_low_emotion,guess,5310,-10.814806938171387,[31]
It seems to me that,4.0,casual_low_emotion,stuff,4269,-6.971247673034668,[31]
It seems to me that,4.0,casual_high_emotion,OMG,21978,-5.622763633728027,[31]
It seems to me that,4.0,casual_high_emotion,totally,7110,-7.297636985778809,[31]
It seems to me that,4.0,casual_high_emotion,literally,8642,-6.132906913757324,[31]
It seems to me that,4.0,casual_high_emotion,seriously,7580,-7.759960174560547,[31]
It seems to me that,4.0,casual_high_emotion,honestly,14483,-4.220711708068848,[31]
It seems to me that,4.0,casual_high_emotion,really,1196,-4.765342712402344,[31]
It seems to me that,4.0,casual_high_emotion,absolutely,6270,-6.862083435058594,[31]
It seems to me that,4.0,casual_high_emotion,incredibly,9301,-6.717072486877441,[31]
The best approach would be,-4.0,formal_low_emotion,perhaps,4153,-2.6326560974121094,[31]
The best approach would be,-4.0,formal_low_emotion,may,754,-5.631270408630371,[31]
The best approach would be,-4.0,formal_low_emotion,however,2480,-4.394784450531006,[31]
The best approach would be,-4.0,formal_low_emotion,therefore,4320,-4.262310981750488,[31]
The best approach would be,-4.0,formal_low_emotion,consequently,23995,-8.179641723632812,[31]
The best approach would be,-4.0,formal_low_emotion,moreover,541,-3.16804838180542,[31]
The best approach would be,-4.0,formal_low_emotion,accordingly,17159,-7.917529582977295,[31]
The best approach would be,-4.0,formal_low_emotion,furthermore,2134,-3.8754076957702637,[31]
The best approach would be,-4.0,formal_high_emotion,profoundly,29160,-12.649155616760254,[31]
The best approach would be,-4.0,formal_high_emotion,devastated,27668,-11.786176681518555,[31]
The best approach would be,-4.0,formal_high_emotion,magnificent,16773,-10.78862190246582,[31]
The best approach would be,-4.0,formal_high_emotion,appalling,573,-4.26061487197876,[31]
The best approach would be,-4.0,formal_high_emotion,extraordinary,10035,-8.895566940307617,[31]
The best approach would be,-4.0,formal_high_emotion,overwhelming,11734,-5.397342681884766,[31]
The best approach would be,-4.0,formal_high_emotion,catastrophic,24769,-9.78870964050293,[31]
The best approach would be,-4.0,formal_high_emotion,triumphant,15511,-9.739551544189453,[31]
The best approach would be,-4.0,casual_low_emotion,yeah,12191,-6.398726463317871,[31]
The best approach would be,-4.0,casual_low_emotion,okay,10989,-6.8959736824035645,[31]
The best approach would be,-4.0,casual_low_emotion,kinda,21775,-4.751039505004883,[31]
The best approach would be,-4.0,casual_low_emotion,basically,8087,-1.9835102558135986,[31]
The best approach would be,-4.0,casual_low_emotion,anyway,8668,-3.9813449382781982,[31]
The best approach would be,-4.0,casual_low_emotion,whatever,5193,-3.552368402481079,[31]
The best approach would be,-4.0,casual_low_emotion,guess,5310,-8.071775436401367,[31]
The best approach would be,-4.0,casual_low_emotion,stuff,4269,-6.8151469230651855,[31]
The best approach would be,-4.0,casual_high_emotion,OMG,21978,-6.207803726196289,[31]
The best approach would be,-4.0,casual_high_emotion,totally,7110,-3.8723676204681396,[31]
The best approach would be,-4.0,casual_high_emotion,literally,8642,-2.066800594329834,[31]
The best approach would be,-4.0,casual_high_emotion,seriously,7580,-7.173187255859375,[31]
The best approach would be,-4.0,casual_high_emotion,honestly,14483,-3.364368200302124,[31]
The best approach would be,-4.0,casual_high_emotion,really,1196,-2.4595746994018555,[31]
The best approach would be,-4.0,casual_high_emotion,absolutely,6270,-4.405050277709961,[31]
The best approach would be,-4.0,casual_high_emotion,incredibly,9301,-8.792854309082031,[31]
The best approach would be,0.0,formal_low_emotion,perhaps,4153,-2.633780002593994,[31]
The best approach would be,0.0,formal_low_emotion,may,754,-5.6336894035339355,[31]
The best approach would be,0.0,formal_low_emotion,however,2480,-4.395591735839844,[31]
The best approach would be,0.0,formal_low_emotion,therefore,4320,-4.262270927429199,[31]
The best approach would be,0.0,formal_low_emotion,consequently,23995,-8.180220603942871,[31]
The best approach would be,0.0,formal_low_emotion,moreover,541,-3.168046474456787,[31]
The best approach would be,0.0,formal_low_emotion,accordingly,17159,-7.918501377105713,[31]
The best approach would be,0.0,formal_low_emotion,furthermore,2134,-3.8751883506774902,[31]
The best approach would be,0.0,formal_high_emotion,profoundly,29160,-12.648909568786621,[31]
The best approach would be,0.0,formal_high_emotion,devastated,27668,-11.786453247070312,[31]
The best approach would be,0.0,formal_high_emotion,magnificent,16773,-10.788660049438477,[31]
The best approach would be,0.0,formal_high_emotion,appalling,573,-4.260931491851807,[31]
The best approach would be,0.0,formal_high_emotion,extraordinary,10035,-8.896106719970703,[31]
The best approach would be,0.0,formal_high_emotion,overwhelming,11734,-5.3970537185668945,[31]
The best approach would be,0.0,formal_high_emotion,catastrophic,24769,-9.78835678100586,[31]
The best approach would be,0.0,formal_high_emotion,triumphant,15511,-9.740092277526855,[31]
The best approach would be,0.0,casual_low_emotion,yeah,12191,-6.400516510009766,[31]
The best approach would be,0.0,casual_low_emotion,okay,10989,-6.896633625030518,[31]
The best approach would be,0.0,casual_low_emotion,kinda,21775,-4.752734184265137,[31]
The best approach would be,0.0,casual_low_emotion,basically,8087,-1.9835574626922607,[31]
The best approach would be,0.0,casual_low_emotion,anyway,8668,-3.982957363128662,[31]
The best approach would be,0.0,casual_low_emotion,whatever,5193,-3.552635669708252,[31]
The best approach would be,0.0,casual_low_emotion,guess,5310,-8.072785377502441,[31]
The best approach would be,0.0,casual_low_emotion,stuff,4269,-6.816816806793213,[31]
The best approach would be,0.0,casual_high_emotion,OMG,21978,-6.209680557250977,[31]
The best approach would be,0.0,casual_high_emotion,totally,7110,-3.873046875,[31]
The best approach would be,0.0,casual_high_emotion,literally,8642,-2.0674538612365723,[31]
The best approach would be,0.0,casual_high_emotion,seriously,7580,-7.173498630523682,[31]
The best approach would be,0.0,casual_high_emotion,honestly,14483,-3.3654093742370605,[31]
The best approach would be,0.0,casual_high_emotion,really,1196,-2.4603848457336426,[31]
The best approach would be,0.0,casual_high_emotion,absolutely,6270,-4.405745506286621,[31]
The best approach would be,0.0,casual_high_emotion,incredibly,9301,-8.792564392089844,[31]
The best approach would be,1.0,formal_low_emotion,perhaps,4153,-2.6340599060058594,[31]
The best approach would be,1.0,formal_low_emotion,may,754,-5.634313583374023,[31]
The best approach would be,1.0,formal_low_emotion,however,2480,-4.395817756652832,[31]
The best approach would be,1.0,formal_low_emotion,therefore,4320,-4.262266635894775,[31]
The best approach would be,1.0,formal_low_emotion,consequently,23995,-8.180360794067383,[31]
The best approach would be,1.0,formal_low_emotion,moreover,541,-3.1680521965026855,[31]
The best approach would be,1.0,formal_low_emotion,accordingly,17159,-7.918730735778809,[31]
The best approach would be,1.0,formal_low_emotion,furthermore,2134,-3.8751513957977295,[31]
The best approach would be,1.0,formal_high_emotion,profoundly,29160,-12.648835182189941,[31]
The best approach would be,1.0,formal_high_emotion,devastated,27668,-11.786552429199219,[31]
The best approach would be,1.0,formal_high_emotion,magnificent,16773,-10.788664817810059,[31]
The best approach would be,1.0,formal_high_emotion,appalling,573,-4.261016368865967,[31]
The best approach would be,1.0,formal_high_emotion,extraordinary,10035,-8.896245956420898,[31]
The best approach would be,1.0,formal_high_emotion,overwhelming,11734,-5.396991729736328,[31]
The best approach would be,1.0,formal_high_emotion,catastrophic,24769,-9.788272857666016,[31]
The best approach would be,1.0,formal_high_emotion,triumphant,15511,-9.740233421325684,[31]
The best approach would be,1.0,casual_low_emotion,yeah,12191,-6.400968074798584,[31]
The best approach would be,1.0,casual_low_emotion,okay,10989,-6.896812438964844,[31]
The best approach would be,1.0,casual_low_emotion,kinda,21775,-4.753157615661621,[31]
The best approach would be,1.0,casual_low_emotion,basically,8087,-1.9835700988769531,[31]
The best approach would be,1.0,casual_low_emotion,anyway,8668,-3.9833431243896484,[31]
The best approach would be,1.0,casual_low_emotion,whatever,5193,-3.5527169704437256,[31]
The best approach would be,1.0,casual_low_emotion,guess,5310,-8.073022842407227,[31]
The best approach would be,1.0,casual_low_emotion,stuff,4269,-6.817241668701172,[31]
The best approach would be,1.0,casual_high_emotion,OMG,21978,-6.210175037384033,[31]
The best approach would be,1.0,casual_high_emotion,totally,7110,-3.8732125759124756,[31]
The best approach would be,1.0,casual_high_emotion,literally,8642,-2.0676002502441406,[31]
The best approach would be,1.0,casual_high_emotion,seriously,7580,-7.173571586608887,[31]
The best approach would be,1.0,casual_high_emotion,honestly,14483,-3.365665912628174,[31]
The best approach would be,1.0,casual_high_emotion,really,1196,-2.4605941772460938,[31]
The best approach would be,1.0,casual_high_emotion,absolutely,6270,-4.405916213989258,[31]
The best approach would be,1.0,casual_high_emotion,incredibly,9301,-8.792519569396973,[31]
The best approach would be,4.0,formal_low_emotion,perhaps,4153,-2.6348226070404053,[31]
The best approach would be,4.0,formal_low_emotion,may,754,-5.636153221130371,[31]
The best approach would be,4.0,formal_low_emotion,however,2480,-4.396597862243652,[31]
The best approach would be,4.0,formal_low_emotion,therefore,4320,-4.262218475341797,[31]
The best approach would be,4.0,formal_low_emotion,consequently,23995,-8.180710792541504,[31]
The best approach would be,4.0,formal_low_emotion,moreover,541,-3.168060779571533,[31]
The best approach would be,4.0,formal_low_emotion,accordingly,17159,-7.91921329498291,[31]
The best approach would be,4.0,formal_low_emotion,furthermore,2134,-3.8751471042633057,[31]
The best approach would be,4.0,formal_high_emotion,profoundly,29160,-12.648574829101562,[31]
The best approach would be,4.0,formal_high_emotion,devastated,27668,-11.787034034729004,[31]
The best approach would be,4.0,formal_high_emotion,magnificent,16773,-10.78860855102539,[31]
The best approach would be,4.0,formal_high_emotion,appalling,573,-4.261208534240723,[31]
The best approach would be,4.0,formal_high_emotion,extraordinary,10035,-8.896618843078613,[31]
The best approach would be,4.0,formal_high_emotion,overwhelming,11734,-5.396783351898193,[31]
The best approach would be,4.0,formal_high_emotion,catastrophic,24769,-9.788055419921875,[31]
The best approach would be,4.0,formal_high_emotion,triumphant,15511,-9.740724563598633,[31]
The best approach would be,4.0,casual_low_emotion,yeah,12191,-6.4022979736328125,[31]
The best approach would be,4.0,casual_low_emotion,okay,10989,-6.897335529327393,[31]
The best approach would be,4.0,casual_low_emotion,kinda,21775,-4.754431247711182,[31]
The best approach would be,4.0,casual_low_emotion,basically,8087,-1.9836136102676392,[31]
The best approach would be,4.0,casual_low_emotion,anyway,8668,-3.984501361846924,[31]
The best approach would be,4.0,casual_low_emotion,whatever,5193,-3.5530667304992676,[31]
The best approach would be,4.0,casual_low_emotion,guess,5310,-8.073755264282227,[31]
The best approach would be,4.0,casual_low_emotion,stuff,4269,-6.818464279174805,[31]
The best approach would be,4.0,casual_high_emotion,OMG,21978,-6.211614608764648,[31]
The best approach would be,4.0,casual_high_emotion,totally,7110,-3.8737192153930664,[31]
The best approach would be,4.0,casual_high_emotion,literally,8642,-2.0680289268493652,[31]
The best approach would be,4.0,casual_high_emotion,seriously,7580,-7.173816680908203,[31]
The best approach would be,4.0,casual_high_emotion,honestly,14483,-3.366529941558838,[31]
The best approach would be,4.0,casual_high_emotion,really,1196,-2.4612488746643066,[31]
The best approach would be,4.0,casual_high_emotion,absolutely,6270,-4.406394958496094,[31]
The best approach would be,4.0,casual_high_emotion,incredibly,9301,-8.79239559173584,[31]
